/*!40100 DEFAULT CHARACTER SET utf8mb4 COLLATE utf8mb4_0900_ai_ci */ /*!80016 DEFAULT ENCRYPTION='N' */;

-- MySQL dump 10.13  Distrib 8.0.32, for Linux (x86_64)
--
-- Host: 127.0.0.1    Database: testpromanager
-- ------------------------------------------------------
-- Server version	8.0.35-0ubuntu0.22.04.1

/*!40101 SET @OLD_CHARACTER_SET_CLIENT=@@CHARACTER_SET_CLIENT */;
/*!40101 SET @OLD_CHARACTER_SET_RESULTS=@@CHARACTER_SET_RESULTS */;
/*!40101 SET @OLD_COLLATION_CONNECTION=@@COLLATION_CONNECTION */;
/*!50503 SET NAMES utf8 */;
/*!40103 SET @OLD_TIME_ZONE=@@TIME_ZONE */;
/*!40103 SET TIME_ZONE='+00:00' */;
/*!40014 SET @OLD_UNIQUE_CHECKS=@@UNIQUE_CHECKS, UNIQUE_CHECKS=0 */;
/*!40014 SET @OLD_FOREIGN_KEY_CHECKS=@@FOREIGN_KEY_CHECKS, FOREIGN_KEY_CHECKS=0 */;
/*!40101 SET @OLD_SQL_MODE=@@SQL_MODE, SQL_MODE='NO_AUTO_VALUE_ON_ZERO' */;
/*!40111 SET @OLD_SQL_NOTES=@@SQL_NOTES, SQL_NOTES=0 */;

--
-- Table structure for table `asignacion_tarea`
--

DROP TABLE IF EXISTS `asignacion_tarea`;
/*!40101 SET @saved_cs_client     = @@character_set_client */;
/*!50503 SET character_set_client = utf8mb4 */;
CREATE TABLE `asignacion_tarea` (
  `id` int NOT NULL AUTO_INCREMENT,
  `ticket_tarea` int NOT NULL,
  `miembro` int NOT NULL,
  `fecha_asignacion` date NOT NULL DEFAULT (curdate()),
  `fecha_limite` date NOT NULL DEFAULT '1000-01-01',
  `fecha_finalizacion` date NOT NULL DEFAULT '1000-01-01',
  PRIMARY KEY (`id`),
  UNIQUE KEY `asignacion` (`ticket_tarea`,`miembro`),
  KEY `miembro` (`miembro`),
  CONSTRAINT `asignacion_tarea_ibfk_1` FOREIGN KEY (`ticket_tarea`) REFERENCES `ticket_tarea` (`id`) ON DELETE CASCADE,
  CONSTRAINT `asignacion_tarea_ibfk_2` FOREIGN KEY (`miembro`) REFERENCES `miembros_equipo` (`id`) ON DELETE CASCADE
) ENGINE=InnoDB AUTO_INCREMENT=301 DEFAULT CHARSET=utf8mb4 COLLATE=utf8mb4_0900_ai_ci;
/*!40101 SET character_set_client = @saved_cs_client */;

--
-- Dumping data for table `asignacion_tarea`
--

LOCK TABLES `asignacion_tarea` WRITE;
/*!40000 ALTER TABLE `asignacion_tarea` DISABLE KEYS */;
INSERT INTO `asignacion_tarea` VALUES (1,3,1,'2023-11-03','2024-03-24','2024-06-13'),(2,1,5,'2023-11-03','2024-01-04','2025-01-05'),(3,1,6,'2023-11-03','2024-11-11','2025-05-23'),(4,2,9,'2023-11-03','2024-02-09','2025-02-04'),(5,2,11,'2023-11-03','2023-11-30','2024-11-25'),(6,4,18,'2023-11-03','2024-05-04','2024-09-18'),(7,4,16,'2023-11-03','2024-03-11','2025-05-17'),(8,4,17,'2023-11-03','2025-06-15','2025-10-03'),(9,6,22,'2023-11-03','2025-06-08','2025-07-03'),(10,5,25,'2023-11-03','2024-01-06','2025-06-24'),(11,5,26,'2023-11-03','2024-12-30','2025-09-23'),(12,8,32,'2023-11-03','2025-10-21','2025-10-22'),(13,8,33,'2023-11-03','2023-11-12','2023-12-30'),(14,9,33,'2023-11-03','2024-12-09','2025-03-19'),(15,7,35,'2023-11-03','2024-12-09','2025-09-07'),(16,7,36,'2023-11-03','2024-06-27','2024-10-25'),(17,7,34,'2023-11-03','2023-11-24','2025-04-06'),(18,10,42,'2023-11-03','2025-08-13','2025-10-30'),(19,12,47,'2023-11-03','2025-04-24','2025-07-12'),(20,11,49,'2023-11-03','2025-02-01','2025-05-21'),(21,11,51,'2023-11-03','2025-05-03','2025-10-26'),(22,11,50,'2023-11-03','2024-07-09','2025-03-16'),(23,13,54,'2023-11-03','2024-08-18','2024-11-09'),(24,14,60,'2023-11-03','2025-08-18','2025-08-24'),(25,14,59,'2023-11-03','2023-11-17','2024-01-21'),(26,15,60,'2023-11-03','2025-06-12','2025-07-07'),(27,15,58,'2023-11-03','2024-09-26','2024-11-17'),(28,15,59,'2023-11-03','2024-11-21','2025-02-23'),(29,16,65,'2023-11-03','2024-02-20','2024-12-28'),(30,16,64,'2023-11-03','2024-08-01','2025-07-06'),(31,17,65,'2023-11-03','2024-11-05','2025-05-03'),(32,18,73,'2023-11-03','2025-08-09','2025-09-16'),(33,18,74,'2023-11-03','2025-05-11','2025-08-05'),(34,18,75,'2023-11-03','2024-08-21','2025-05-15'),(35,19,78,'2023-11-03','2025-03-04','2025-05-27'),(36,19,77,'2023-11-03','2025-09-04','2025-09-20'),(37,19,76,'2023-11-03','2024-02-06','2025-09-04'),(38,21,82,'2023-11-03','2025-08-16','2025-10-18'),(39,21,83,'2023-11-03','2024-04-07','2025-08-29'),(40,21,84,'2023-11-03','2024-12-10','2025-06-28'),(41,20,85,'2023-11-03','2025-05-01','2025-10-07'),(42,20,87,'2023-11-03','2025-02-08','2025-08-10'),(43,20,86,'2023-11-03','2024-11-30','2025-02-04'),(44,22,93,'2023-11-03','2024-06-14','2024-09-02'),(45,23,92,'2023-11-03','2024-12-08','2025-05-20'),(46,23,93,'2023-11-03','2023-12-26','2025-04-26'),(47,23,91,'2023-11-03','2023-12-30','2025-01-28'),(48,24,95,'2023-11-03','2025-01-08','2025-04-14'),(49,26,104,'2023-11-03','2025-01-18','2025-04-05'),(50,26,103,'2023-11-03','2024-11-03','2025-06-06'),(51,27,106,'2023-11-03','2025-03-29','2025-04-28'),(52,27,107,'2023-11-03','2025-08-03','2025-10-05'),(53,27,108,'2023-11-03','2025-09-10','2025-11-01'),(54,25,111,'2023-11-03','2024-08-26','2025-08-31'),(55,25,110,'2023-11-03','2024-10-28','2025-10-28'),(56,25,109,'2023-11-03','2024-04-26','2025-09-25'),(57,30,118,'2023-11-03','2025-03-14','2025-04-10'),(58,28,123,'2023-11-03','2025-06-15','2025-09-14'),(59,28,121,'2023-11-03','2024-11-18','2024-12-11'),(60,28,122,'2023-11-03','2024-12-07','2025-02-14'),(61,29,122,'2023-11-03','2025-01-19','2025-03-31'),(62,31,128,'2023-11-03','2025-07-14','2025-09-17'),(63,32,134,'2023-11-03','2025-03-23','2025-08-02'),(64,33,133,'2023-11-03','2024-03-31','2024-08-26'),(65,36,138,'2023-11-03','2025-05-27','2025-10-17'),(66,36,136,'2023-11-03','2025-05-20','2025-07-14'),(67,34,144,'2023-11-03','2025-06-01','2025-09-15'),(68,35,142,'2023-11-03','2025-09-29','2025-11-01'),(69,38,151,'2023-11-03','2025-06-18','2025-07-02'),(70,38,152,'2023-11-03','2024-01-10','2025-05-13'),(71,37,154,'2023-11-03','2024-05-20','2024-06-21'),(72,39,158,'2023-11-03','2024-11-28','2025-10-05'),(73,41,161,'2023-11-03','2024-01-08','2024-10-16'),(74,41,160,'2023-11-03','2024-01-23','2025-07-27'),(75,41,162,'2023-11-03','2024-03-31','2024-05-10'),(76,40,165,'2023-11-03','2024-06-20','2025-08-19'),(77,40,164,'2023-11-03','2024-08-31','2024-10-18'),(78,40,163,'2023-11-03','2025-03-08','2025-04-18'),(79,42,169,'2023-11-03','2025-06-08','2025-07-08'),(80,42,171,'2023-11-03','2025-02-26','2025-10-31'),(81,42,170,'2023-11-03','2024-12-25','2025-04-11'),(82,44,175,'2023-11-03','2024-09-17','2025-02-11'),(83,44,177,'2023-11-03','2024-06-27','2024-11-30'),(84,43,181,'2023-11-03','2025-03-07','2025-06-06'),(85,43,182,'2023-11-03','2025-06-21','2025-06-27'),(86,45,181,'2023-11-03','2024-12-18','2025-10-14'),(87,48,186,'2023-11-03','2024-11-16','2025-01-05'),(88,46,195,'2023-11-03','2024-05-09','2024-07-15'),(89,46,193,'2023-11-03','2024-04-12','2025-09-06'),(90,46,194,'2023-11-03','2024-01-21','2024-02-17'),(91,47,194,'2023-11-03','2024-05-27','2025-01-19'),(92,47,193,'2023-11-03','2024-06-14','2025-07-23'),(93,50,199,'2023-11-03','2023-12-12','2024-10-12'),(94,51,200,'2023-11-03','2024-05-21','2025-08-13'),(95,49,206,'2023-11-03','2024-03-03','2025-06-05'),(96,49,205,'2023-11-03','2025-03-13','2025-08-10'),(97,49,207,'2023-11-03','2025-09-08','2025-09-10'),(98,53,213,'2023-11-03','2024-09-15','2025-07-28'),(99,53,211,'2023-11-03','2025-04-25','2025-07-22'),(100,52,218,'2023-11-03','2025-04-08','2025-06-04'),(101,54,218,'2023-11-03','2025-07-29','2025-09-19'),(102,55,226,'2023-11-03','2024-08-08','2024-08-23'),(103,55,228,'2023-11-03','2024-05-03','2024-08-20'),(104,56,230,'2023-11-03','2025-09-25','2025-10-23'),(105,56,231,'2023-11-03','2024-07-19','2024-10-03'),(106,56,229,'2023-11-03','2023-11-26','2025-01-20'),(107,57,231,'2023-11-03','2023-12-25','2024-10-23'),(108,57,229,'2023-11-03','2024-01-03','2024-02-19'),(109,58,234,'2023-11-03','2025-07-02','2025-08-04'),(110,58,233,'2023-11-03','2024-02-19','2024-11-22'),(111,58,232,'2023-11-03','2024-08-09','2025-07-14'),(112,59,232,'2023-11-03','2025-01-05','2025-06-19'),(113,60,241,'2023-11-03','2024-07-21','2025-03-18'),(114,60,242,'2023-11-03','2025-03-12','2025-08-20'),(115,61,250,'2023-11-03','2024-04-01','2025-07-20'),(116,62,254,'2023-11-03','2025-05-16','2025-09-08'),(117,62,255,'2023-11-03','2025-06-19','2025-09-12'),(118,63,254,'2023-11-03','2025-08-20','2025-08-28'),(119,63,253,'2023-11-03','2024-08-09','2025-09-04'),(120,63,255,'2023-11-03','2025-09-27','2025-10-05'),(121,64,261,'2023-11-03','2023-11-11','2024-03-13'),(122,64,260,'2023-11-03','2025-01-31','2025-03-23'),(123,66,260,'2023-11-03','2025-09-13','2025-09-21'),(124,65,267,'2023-11-03','2025-03-21','2025-09-07'),(125,69,271,'2023-11-03','2024-03-04','2025-07-15'),(126,69,273,'2023-11-03','2024-01-21','2025-08-30'),(127,69,272,'2023-11-03','2024-09-30','2024-11-15'),(128,68,276,'2023-11-03','2024-03-16','2024-10-16'),(129,68,274,'2023-11-03','2024-08-13','2025-01-07'),(130,68,275,'2023-11-03','2024-10-20','2025-04-16'),(131,67,277,'2023-11-03','2024-07-14','2025-01-15'),(132,72,281,'2023-11-03','2025-05-18','2025-06-28'),(133,72,282,'2023-11-03','2024-04-12','2025-09-07'),(134,72,280,'2023-11-03','2024-07-14','2025-05-07'),(135,71,287,'2023-11-03','2025-07-22','2025-10-24'),(136,70,290,'2023-11-03','2023-11-28','2024-06-19'),(137,70,289,'2023-11-03','2024-11-26','2025-01-28'),(138,73,292,'2023-11-03','2025-07-29','2025-09-08'),(139,73,293,'2023-11-03','2025-09-26','2025-09-30'),(140,73,294,'2023-11-03','2024-09-30','2025-05-29'),(141,75,296,'2023-11-03','2023-12-09','2025-08-12'),(142,75,297,'2023-11-03','2025-01-21','2025-02-26'),(143,74,298,'2023-11-03','2024-11-16','2025-05-08'),(144,74,299,'2023-11-03','2024-09-07','2025-08-11'),(145,78,304,'2023-11-03','2025-03-20','2025-10-21'),(146,76,311,'2023-11-03','2024-06-21','2025-05-06'),(147,77,313,'2023-11-03','2025-10-25','2025-10-30'),(148,77,315,'2023-11-03','2024-08-08','2025-03-09'),(149,77,314,'2023-11-03','2025-02-27','2025-05-26'),(150,81,318,'2023-11-03','2025-10-19','2025-10-22'),(151,81,316,'2023-11-03','2025-07-19','2025-09-16'),(152,81,317,'2023-11-03','2025-10-01','2025-10-14'),(153,79,325,'2023-11-03','2025-06-26','2025-08-12'),(154,79,327,'2023-11-03','2024-03-29','2025-07-26'),(155,79,326,'2023-11-03','2024-11-28','2025-03-27'),(156,80,326,'2023-11-03','2025-03-21','2025-07-22'),(157,80,325,'2023-11-03','2024-04-29','2025-07-06'),(158,83,329,'2023-11-03','2024-12-26','2025-09-04'),(159,84,329,'2023-11-03','2024-02-11','2024-09-19'),(160,82,336,'2023-11-03','2025-01-06','2025-01-10'),(161,82,334,'2023-11-03','2024-03-23','2024-09-17'),(162,86,342,'2023-11-03','2025-07-11','2025-10-10'),(163,86,341,'2023-11-03','2024-06-24','2024-10-19'),(164,87,343,'2023-11-03','2025-10-07','2025-10-15'),(165,87,344,'2023-11-03','2023-11-23','2024-05-27'),(166,87,345,'2023-11-03','2024-10-09','2025-07-18'),(167,85,347,'2023-11-03','2025-10-07','2025-10-23'),(168,90,359,'2023-11-03','2024-03-30','2024-12-07'),(169,90,360,'2023-11-03','2023-11-30','2025-07-04'),(170,90,358,'2023-11-03','2024-10-08','2025-07-14'),(171,88,363,'2023-11-03','2025-09-03','2025-10-02'),(172,88,362,'2023-11-03','2024-09-27','2025-07-24'),(173,89,363,'2023-11-03','2024-03-09','2024-08-17'),(174,93,366,'2023-11-03','2024-06-05','2025-01-23'),(175,93,365,'2023-11-03','2024-12-23','2025-09-17'),(176,91,371,'2023-11-03','2024-04-14','2024-11-11'),(177,91,372,'2023-11-03','2024-03-26','2024-06-03'),(178,91,370,'2023-11-03','2024-05-01','2025-10-08'),(179,92,373,'2023-11-03','2024-03-16','2025-02-05'),(180,95,379,'2023-11-03','2024-11-01','2025-07-20'),(181,94,385,'2023-11-03','2025-01-03','2025-01-08'),(182,96,385,'2023-11-03','2024-11-10','2024-11-29'),(183,96,386,'2023-11-03','2024-11-04','2025-04-27'),(184,96,387,'2023-11-03','2025-08-20','2025-09-29'),(185,99,390,'2023-11-03','2024-05-26','2025-02-17'),(186,97,391,'2023-11-03','2024-11-03','2025-04-16'),(187,97,392,'2023-11-03','2024-11-30','2024-12-18'),(188,98,395,'2023-11-03','2024-09-23','2024-09-24'),(189,98,394,'2023-11-03','2025-02-01','2025-09-27'),(190,100,405,'2023-11-03','2025-03-12','2025-09-04'),(191,100,403,'2023-11-03','2024-01-20','2025-05-02'),(192,101,405,'2023-11-03','2024-12-04','2025-01-07'),(193,102,403,'2023-11-03','2025-07-07','2025-07-29'),(194,102,404,'2023-11-03','2024-10-06','2025-09-01'),(195,102,405,'2023-11-03','2024-04-18','2025-06-15'),(196,103,420,'2023-11-03','2024-08-31','2024-12-17'),(197,103,419,'2023-11-03','2024-11-11','2025-03-16'),(198,103,418,'2023-11-03','2025-02-08','2025-06-17'),(199,104,420,'2023-11-03','2024-11-28','2024-12-19'),(200,104,419,'2023-11-03','2025-03-29','2025-03-31'),(201,104,418,'2023-11-03','2024-06-21','2025-07-09'),(202,105,421,'2023-11-03','2024-07-10','2024-08-12'),(203,105,422,'2023-11-03','2024-01-29','2025-07-02'),(204,106,429,'2023-11-03','2025-08-10','2025-10-27'),(205,107,432,'2023-11-03','2024-05-30','2025-03-22'),(206,107,431,'2023-11-03','2024-03-20','2025-05-01'),(207,107,430,'2023-11-03','2024-11-18','2025-06-26'),(208,108,430,'2023-11-03','2024-11-30','2025-01-31'),(209,108,431,'2023-11-03','2024-02-17','2024-09-30'),(210,109,442,'2023-11-03','2025-10-27','2025-11-01'),(211,109,443,'2023-11-03','2024-05-27','2024-11-02'),(212,110,446,'2023-11-03','2024-06-20','2024-12-19'),(213,110,445,'2023-11-03','2024-05-20','2025-03-20'),(214,111,447,'2023-11-03','2025-10-25','2025-10-29'),(215,111,446,'2023-11-03','2024-05-26','2025-04-19'),(216,112,456,'2023-11-03','2025-10-28','2025-11-01'),(217,112,454,'2023-11-03','2024-11-16','2025-06-29'),(218,112,455,'2023-11-03','2025-06-28','2025-07-05'),(219,113,456,'2023-11-03','2023-12-24','2025-10-14'),(220,113,455,'2023-11-03','2024-09-19','2025-03-29'),(221,114,454,'2023-11-03','2025-04-09','2025-10-07'),(222,115,465,'2023-11-03','2024-08-06','2025-07-15'),(223,115,464,'2023-11-03','2024-12-24','2025-09-12'),(224,116,463,'2023-11-03','2024-12-22','2025-01-14'),(225,117,470,'2023-11-03','2024-11-26','2025-09-06'),(226,117,471,'2023-11-03','2024-04-04','2024-06-08'),(227,117,469,'2023-11-03','2024-09-21','2024-12-26'),(228,120,477,'2023-11-03','2024-01-22','2025-06-06'),(229,120,476,'2023-11-03','2024-03-22','2024-09-17'),(230,120,475,'2023-11-03','2024-09-20','2025-08-25'),(231,118,482,'2023-11-03','2025-02-15','2025-02-24'),(232,118,481,'2023-11-03','2024-03-11','2025-02-28'),(233,118,483,'2023-11-03','2025-08-19','2025-10-26'),(234,119,482,'2023-11-03','2024-04-26','2025-06-12'),(235,119,481,'2023-11-03','2024-03-18','2025-08-06'),(236,123,485,'2023-11-03','2025-01-26','2025-05-07'),(237,123,486,'2023-11-03','2024-02-03','2025-03-25'),(238,123,484,'2023-11-03','2024-08-26','2024-09-05'),(239,122,488,'2023-11-03','2024-01-23','2024-11-13'),(240,122,489,'2023-11-03','2025-08-27','2025-09-21'),(241,121,492,'2023-11-03','2025-03-28','2025-06-06'),(242,121,491,'2023-11-03','2024-05-14','2025-06-04'),(243,121,490,'2023-11-03','2024-06-07','2024-06-22'),(244,126,497,'2023-11-03','2023-12-20','2025-05-15'),(245,126,496,'2023-11-03','2025-10-10','2025-10-30'),(246,125,501,'2023-11-03','2024-11-08','2025-08-23'),(247,125,500,'2023-11-03','2025-05-25','2025-07-21'),(248,125,499,'2023-11-03','2023-11-20','2024-08-05'),(249,124,505,'2023-11-03','2024-04-20','2025-05-22'),(250,124,507,'2023-11-03','2025-02-28','2025-08-26'),(251,124,506,'2023-11-03','2024-10-03','2025-07-26'),(252,129,509,'2023-11-03','2024-01-28','2024-02-25'),(253,127,511,'2023-11-03','2025-07-26','2025-09-04'),(254,127,512,'2023-11-03','2025-02-04','2025-02-21'),(255,127,513,'2023-11-03','2024-09-21','2024-10-25'),(256,128,517,'2023-11-03','2023-12-27','2024-01-17'),(257,128,518,'2023-11-03','2025-10-11','2025-10-17'),(258,131,520,'2023-11-03','2024-12-22','2025-02-25'),(259,132,522,'2023-11-03','2025-07-21','2025-10-05'),(260,132,521,'2023-11-03','2025-06-05','2025-09-25'),(261,132,520,'2023-11-03','2024-04-14','2025-08-29'),(262,130,524,'2023-11-03','2025-07-13','2025-09-05'),(263,133,533,'2023-11-03','2025-05-20','2025-09-07'),(264,133,532,'2023-11-03','2025-02-09','2025-02-20'),(265,133,534,'2023-11-03','2025-01-24','2025-09-11'),(266,135,532,'2023-11-03','2024-01-22','2025-02-13'),(267,135,534,'2023-11-03','2025-09-23','2025-10-30'),(268,135,533,'2023-11-03','2025-05-02','2025-05-19'),(269,134,540,'2023-11-03','2024-09-14','2025-06-20'),(270,134,538,'2023-11-03','2024-08-15','2025-06-06'),(271,136,548,'2023-11-03','2025-05-07','2025-06-11'),(272,136,549,'2023-11-03','2024-02-29','2024-04-01'),(273,138,549,'2023-11-03','2023-12-05','2025-06-12'),(274,137,552,'2023-11-03','2024-02-21','2024-05-06'),(275,137,550,'2023-11-03','2025-02-02','2025-08-21'),(276,137,551,'2023-11-03','2025-09-11','2025-10-04'),(277,139,559,'2023-11-03','2024-03-27','2024-11-21'),(278,139,560,'2023-11-03','2024-03-18','2024-08-08'),(279,139,561,'2023-11-03','2025-02-28','2025-03-30'),(280,140,559,'2023-11-03','2025-07-18','2025-08-20'),(281,140,560,'2023-11-03','2023-12-04','2025-06-24'),(282,140,561,'2023-11-03','2025-09-25','2025-10-28'),(283,141,567,'2023-11-03','2025-03-10','2025-09-01'),(284,142,569,'2023-11-03','2024-12-02','2025-06-18'),(285,143,570,'2023-11-03','2025-08-22','2025-09-20'),(286,143,568,'2023-11-03','2024-12-16','2025-02-19'),(287,143,569,'2023-11-03','2025-01-03','2025-01-03'),(288,144,579,'2023-11-03','2024-12-25','2025-04-19'),(289,144,578,'2023-11-03','2024-07-17','2025-09-05'),(290,145,583,'2023-11-03','2024-05-24','2024-12-21'),(291,145,584,'2023-11-03','2025-09-10','2025-10-18'),(292,146,591,'2023-11-03','2025-05-03','2025-06-06'),(293,147,589,'2023-11-03','2024-10-05','2024-11-12'),(294,149,596,'2023-11-03','2024-02-06','2025-03-25'),(295,149,597,'2023-11-03','2025-01-06','2025-04-03'),(296,148,598,'2023-11-03','2025-05-07','2025-08-06'),(297,148,599,'2023-11-03','2024-08-04','2025-05-15'),(298,148,600,'2023-11-03','2025-05-08','2025-06-01'),(299,150,602,'2023-11-03','2025-10-26','2025-10-29'),(300,150,603,'2023-11-03','2025-06-12','2025-07-01');
/*!40000 ALTER TABLE `asignacion_tarea` ENABLE KEYS */;
UNLOCK TABLES;

--
-- Table structure for table `equipo`
--

DROP TABLE IF EXISTS `equipo`;
/*!40101 SET @saved_cs_client     = @@character_set_client */;
/*!50503 SET character_set_client = utf8mb4 */;
CREATE TABLE `equipo` (
  `id` int NOT NULL AUTO_INCREMENT,
  `proyecto` int NOT NULL,
  `nombre` varchar(60) NOT NULL DEFAULT 'not_named',
  `fecha_creacion` date NOT NULL DEFAULT (curdate()),
  PRIMARY KEY (`id`),
  KEY `proyecto` (`proyecto`),
  CONSTRAINT `equipo_ibfk_1` FOREIGN KEY (`proyecto`) REFERENCES `proyecto` (`id`) ON DELETE CASCADE
) ENGINE=InnoDB AUTO_INCREMENT=201 DEFAULT CHARSET=utf8mb4 COLLATE=utf8mb4_0900_ai_ci;
/*!40101 SET character_set_client = @saved_cs_client */;

--
-- Dumping data for table `equipo`
--

LOCK TABLES `equipo` WRITE;
/*!40000 ALTER TABLE `equipo` DISABLE KEYS */;
INSERT INTO `equipo` VALUES (1,1,'Trabajador team','2023-11-02'),(2,1,'Nurse team','2023-11-02'),(3,1,'Warden/ranger team','2023-11-02'),(4,1,'Local team','2023-11-02'),(5,2,'Programador team','2023-11-02'),(6,2,'Midwife team','2023-11-02'),(7,2,'Delineante team','2023-11-02'),(8,2,'Orfebre team','2023-11-02'),(9,3,'Logistics team','2023-11-02'),(10,3,'Sericultor team','2023-11-02'),(11,3,'Ensamblador team','2023-11-02'),(12,3,'Preparador team','2023-11-02'),(13,4,'Financial team','2023-11-02'),(14,4,'Secretary/administrator team','2023-11-02'),(15,4,'Gerente team','2023-11-02'),(16,4,'Tour team','2023-11-02'),(17,5,'Electrotécnico team','2023-11-02'),(18,5,'Vendedor team','2023-11-02'),(19,5,'Production team','2023-11-02'),(20,5,'Personal team','2023-11-02'),(21,6,'Locutor team','2023-11-02'),(22,6,'Agente team','2023-11-02'),(23,6,'Food team','2023-11-02'),(24,6,'Profesor team','2023-11-02'),(25,7,'Analista team','2023-11-02'),(26,7,'Supervisor team','2023-11-02'),(27,7,'Lecturer team','2023-11-02'),(28,7,'Ensamblador team','2023-11-02'),(29,8,'Agente team','2023-11-02'),(30,8,'Copywriter team','2023-11-02'),(31,8,'Capitán team','2023-11-02'),(32,8,'Paramedic team','2023-11-02'),(33,9,'Programador team','2023-11-02'),(34,9,'Engineer team','2023-11-02'),(35,9,'Profesor team','2023-11-02'),(36,9,'Instructor team','2023-11-02'),(37,10,'Meteorólogo team','2023-11-02'),(38,10,'Tronzador team','2023-11-02'),(39,10,'Biochemist team','2023-11-02'),(40,10,'Técnico team','2023-11-02'),(41,11,'Analista team','2023-11-02'),(42,11,'Director team','2023-11-02'),(43,11,'Operador team','2023-11-02'),(44,11,'Calderero team','2023-11-02'),(45,12,'Asesor team','2023-11-02'),(46,12,'Nurse team','2023-11-02'),(47,12,'Paisajista team','2023-11-02'),(48,12,'Automotive team','2023-11-02'),(49,13,'Empleado team','2023-11-02'),(50,13,'Zapatero team','2023-11-02'),(51,13,'Profesional team','2023-11-02'),(52,13,'Ingeniero team','2023-11-02'),(53,14,'Radio team','2023-11-02'),(54,14,'Chartered team','2023-11-02'),(55,14,'Marinero team','2023-11-02'),(56,14,'Supervisor team','2023-11-02'),(57,15,'Surveyor team','2023-11-02'),(58,15,'Conductor team','2023-11-02'),(59,15,'Cartographer team','2023-11-02'),(60,15,'Instructor team','2023-11-02'),(61,16,'Secretario team','2023-11-02'),(62,16,'Pescadero team','2023-11-02'),(63,16,'Barrendero team','2023-11-02'),(64,16,'Vendedor team','2023-11-02'),(65,17,'Engineer team','2023-11-02'),(66,17,'Criador team','2023-11-02'),(67,17,'Buyer team','2023-11-02'),(68,17,'Profesor team','2023-11-02'),(69,18,'Conserje team','2023-11-02'),(70,18,'Conductor team','2023-11-02'),(71,18,'Civil team','2023-11-02'),(72,18,'Mampostero team','2023-11-02'),(73,19,'Labrante team','2023-11-02'),(74,19,'Chief team','2023-11-02'),(75,19,'Educational team','2023-11-02'),(76,19,'Ingeniero team','2023-11-02'),(77,20,'Automotive team','2023-11-02'),(78,20,'Geólogo team','2023-11-02'),(79,20,'Learning team','2023-11-02'),(80,20,'Especialista team','2023-11-02'),(81,21,'Surveyor team','2023-11-02'),(82,21,'Codificador team','2023-11-02'),(83,21,'Profesional team','2023-11-02'),(84,21,'Engineer team','2023-11-02'),(85,22,'Meteorólogo team','2023-11-02'),(86,22,'Housing team','2023-11-02'),(87,22,'Acarreador team','2023-11-02'),(88,22,'Sports team','2023-11-02'),(89,23,'Maintenance team','2023-11-02'),(90,23,'Lingüista team','2023-11-02'),(91,23,'Auxiliar team','2023-11-02'),(92,23,'Actuario team','2023-11-02'),(93,24,'Retail team','2023-11-02'),(94,24,'Arquitecto team','2023-11-02'),(95,24,'Electrotécnico team','2023-11-02'),(96,24,'Coreógrafo team','2023-11-02'),(97,25,'Engineer team','2023-11-02'),(98,25,'Psicólogo team','2023-11-02'),(99,25,'Adivinador team','2023-11-02'),(100,25,'Empalmador team','2023-11-02'),(101,26,'Ingeniero team','2023-11-02'),(102,26,'Recepcionista team','2023-11-02'),(103,26,'Ingeniero team','2023-11-02'),(104,26,'Forest/woodland team','2023-11-02'),(105,27,'Ingeniero team','2023-11-02'),(106,27,'Retail team','2023-11-02'),(107,27,'Juez team','2023-11-02'),(108,27,'Operador team','2023-11-02'),(109,28,'Desarrollador team','2023-11-02'),(110,28,'Bibliotecarios team','2023-11-02'),(111,28,'Profesional team','2023-11-02'),(112,28,'Archivista team','2023-11-02'),(113,29,'Operador team','2023-11-02'),(114,29,'Agente team','2023-11-02'),(115,29,'Deportista team','2023-11-02'),(116,29,'Vendedor team','2023-11-02'),(117,30,'Advertising team','2023-11-02'),(118,30,'Peón team','2023-11-02'),(119,30,'Abogado team','2023-11-02'),(120,30,'Peón team','2023-11-02'),(121,31,'Merchant team','2023-11-02'),(122,31,'Television/film/video team','2023-11-02'),(123,31,'Director team','2023-11-02'),(124,31,'Engineer team','2023-11-02'),(125,32,'Food team','2023-11-02'),(126,32,'Conductor team','2023-11-02'),(127,32,'Deshollinador team','2023-11-02'),(128,32,'Diseñador team','2023-11-02'),(129,33,'Prison team','2023-11-02'),(130,33,'Location team','2023-11-02'),(131,33,'Bordador team','2023-11-02'),(132,33,'Trabajador team','2023-11-02'),(133,34,'Profesional team','2023-11-02'),(134,34,'Merchandiser team','2023-11-02'),(135,34,'Soplador team','2023-11-02'),(136,34,'Operador team','2023-11-02'),(137,35,'Técnico team','2023-11-02'),(138,35,'Phytotherapist team','2023-11-02'),(139,35,'Phytotherapist team','2023-11-02'),(140,35,'Técnico team','2023-11-02'),(141,36,'Lawyer team','2023-11-02'),(142,36,'Colchonero team','2023-11-02'),(143,36,'Agente team','2023-11-02'),(144,36,'Secretario team','2023-11-02'),(145,37,'Historic team','2023-11-02'),(146,37,'Scientist team','2023-11-02'),(147,37,'Bailarín team','2023-11-02'),(148,37,'Nurse team','2023-11-02'),(149,38,'Ingeniero team','2023-11-02'),(150,38,'Tasador team','2023-11-02'),(151,38,'Director team','2023-11-02'),(152,38,'Designer team','2023-11-02'),(153,39,'Operador team','2023-11-02'),(154,39,'Tronzador team','2023-11-02'),(155,39,'Receptor team','2023-11-02'),(156,39,'Director team','2023-11-02'),(157,40,'Land team','2023-11-02'),(158,40,'Platero team','2023-11-02'),(159,40,'Sociólogo team','2023-11-02'),(160,40,'Operador team','2023-11-02'),(161,41,'Miembro team','2023-11-02'),(162,41,'Production team','2023-11-02'),(163,41,'Loss team','2023-11-02'),(164,41,'Artista team','2023-11-02'),(165,42,'Scientist team','2023-11-02'),(166,42,'Geneticist team','2023-11-02'),(167,42,'Writer team','2023-11-02'),(168,42,'Desarrollador team','2023-11-02'),(169,43,'Receptor team','2023-11-02'),(170,43,'Focumentalista team','2023-11-02'),(171,43,'Planchador team','2023-11-02'),(172,43,'Stage team','2023-11-02'),(173,44,'Engineer team','2023-11-02'),(174,44,'Optometrista team','2023-11-02'),(175,44,'Secretario team','2023-11-02'),(176,44,'Proofreader team','2023-11-02'),(177,45,'Dentista team','2023-11-02'),(178,45,'Operador team','2023-11-02'),(179,45,'Profesional team','2023-11-02'),(180,45,'Fabricante team','2023-11-02'),(181,46,'Chartered team','2023-11-02'),(182,46,'Diseñador team','2023-11-02'),(183,46,'Especialista team','2023-11-02'),(184,46,'Técnico team','2023-11-02'),(185,47,'Trading team','2023-11-02'),(186,47,'Policías team','2023-11-02'),(187,47,'Trabajador team','2023-11-02'),(188,47,'Rural team','2023-11-02'),(189,48,'Especialista team','2023-11-02'),(190,48,'Tourist team','2023-11-02'),(191,48,'Fisioterapeuta team','2023-11-02'),(192,48,'Oficial team','2023-11-02'),(193,49,'Therapeutic team','2023-11-02'),(194,49,'Community team','2023-11-02'),(195,49,'Guardia team','2023-11-02'),(196,49,'Call team','2023-11-02'),(197,50,'Arts team','2023-11-02'),(198,50,'Agente team','2023-11-02'),(199,50,'Cristalero team','2023-11-02'),(200,50,'Bordador team','2023-11-02');
/*!40000 ALTER TABLE `equipo` ENABLE KEYS */;
UNLOCK TABLES;

--
-- Table structure for table `estado`
--

DROP TABLE IF EXISTS `estado`;
/*!40101 SET @saved_cs_client     = @@character_set_client */;
/*!50503 SET character_set_client = utf8mb4 */;
CREATE TABLE `estado` (
  `id` int NOT NULL AUTO_INCREMENT,
  `nombre` varchar(25) NOT NULL,
  PRIMARY KEY (`id`),
  UNIQUE KEY `nombre` (`nombre`)
) ENGINE=InnoDB AUTO_INCREMENT=13 DEFAULT CHARSET=utf8mb4 COLLATE=utf8mb4_0900_ai_ci;
/*!40101 SET character_set_client = @saved_cs_client */;

--
-- Dumping data for table `estado`
--

LOCK TABLES `estado` WRITE;
/*!40000 ALTER TABLE `estado` DISABLE KEYS */;
INSERT INTO `estado` VALUES (1,'Al corriente'),(9,'Aplazado'),(8,'Asignado'),(6,'Cancelado'),(3,'Completado'),(10,'En Espera'),(11,'En Evaluación'),(4,'En Proceso'),(7,'En Revisión'),(5,'Pendiente'),(2,'Sin asignar'),(12,'Suspendido');
/*!40000 ALTER TABLE `estado` ENABLE KEYS */;
UNLOCK TABLES;

--
-- Table structure for table `integrantes_proyecto`
--

DROP TABLE IF EXISTS `integrantes_proyecto`;
/*!40101 SET @saved_cs_client     = @@character_set_client */;
/*!50503 SET character_set_client = utf8mb4 */;
CREATE TABLE `integrantes_proyecto` (
  `id` int NOT NULL AUTO_INCREMENT,
  `proyecto` int NOT NULL,
  `integrante` int NOT NULL,
  `rol` int NOT NULL,
  `fecha_inicio_participacion` date NOT NULL DEFAULT (curdate()),
  `fecha_baja` date NOT NULL DEFAULT '1000-01-01',
  `suspendido` tinyint(1) NOT NULL DEFAULT '0',
  PRIMARY KEY (`id`),
  UNIQUE KEY `integrante_proyecto` (`proyecto`,`integrante`),
  KEY `integrante` (`integrante`),
  KEY `rol` (`rol`),
  CONSTRAINT `integrantes_proyecto_ibfk_1` FOREIGN KEY (`proyecto`) REFERENCES `proyecto` (`id`) ON DELETE CASCADE,
  CONSTRAINT `integrantes_proyecto_ibfk_2` FOREIGN KEY (`integrante`) REFERENCES `usuario` (`id`) ON DELETE CASCADE,
  CONSTRAINT `integrantes_proyecto_ibfk_3` FOREIGN KEY (`rol`) REFERENCES `roles_proyecto` (`id`) ON DELETE CASCADE
) ENGINE=InnoDB AUTO_INCREMENT=251 DEFAULT CHARSET=utf8mb4 COLLATE=utf8mb4_0900_ai_ci;
/*!40101 SET character_set_client = @saved_cs_client */;

--
-- Dumping data for table `integrantes_proyecto`
--

LOCK TABLES `integrantes_proyecto` WRITE;
/*!40000 ALTER TABLE `integrantes_proyecto` DISABLE KEYS */;
INSERT INTO `integrantes_proyecto` VALUES (1,1,16,1,'2023-11-03','1000-01-01',0),(2,1,25,12,'2023-11-03','1000-01-01',0),(3,1,19,11,'2023-11-03','1000-01-01',0),(4,1,34,5,'2023-11-03','2024-05-08',0),(5,1,13,6,'2023-11-03','1000-01-01',0),(6,2,4,1,'2023-11-03','1000-01-01',0),(7,2,9,1,'2023-11-03','1000-01-01',0),(8,2,31,3,'2023-11-03','1000-01-01',0),(9,2,12,10,'2023-11-03','1000-01-01',0),(10,2,18,3,'2023-11-03','1000-01-01',0),(11,3,39,1,'2023-11-03','1000-01-01',0),(12,3,17,8,'2023-11-03','2024-07-12',0),(13,3,42,2,'2023-11-03','2024-09-26',1),(14,3,50,5,'2023-11-03','2024-03-05',0),(15,3,44,10,'2023-11-03','2024-04-09',0),(16,4,5,1,'2023-11-03','1000-01-01',0),(17,4,8,3,'2023-11-03','2024-07-27',0),(18,4,1,11,'2023-11-03','2024-07-05',0),(19,4,36,4,'2023-11-03','1000-01-01',0),(20,4,29,8,'2023-11-03','2024-08-21',0),(21,5,34,1,'2023-11-03','1000-01-01',0),(22,5,33,9,'2023-11-03','2023-12-22',0),(23,5,13,13,'2023-11-03','2024-03-14',0),(24,5,21,9,'2023-11-03','1000-01-01',0),(25,5,5,10,'2023-11-03','2024-01-16',0),(26,6,27,1,'2023-11-03','1000-01-01',0),(27,6,26,8,'2023-11-03','2024-10-08',0),(28,6,34,11,'2023-11-03','1000-01-01',0),(29,6,45,8,'2023-11-03','1000-01-01',0),(30,6,17,7,'2023-11-03','1000-01-01',0),(31,7,6,1,'2023-11-03','2024-02-20',0),(32,7,50,10,'2023-11-03','1000-01-01',0),(33,7,34,11,'2023-11-03','1000-01-01',0),(34,7,5,10,'2023-11-03','2024-08-31',0),(35,7,19,7,'2023-11-03','1000-01-01',0),(36,8,31,1,'2023-11-03','1000-01-01',0),(37,8,26,10,'2023-11-03','1000-01-01',0),(38,8,32,10,'2023-11-03','2024-03-15',0),(39,8,22,10,'2023-11-03','1000-01-01',0),(40,8,21,1,'2023-11-03','1000-01-01',0),(41,9,35,1,'2023-11-03','1000-01-01',0),(42,9,38,13,'2023-11-03','2024-01-26',1),(43,9,11,11,'2023-11-03','2024-08-01',0),(44,9,31,9,'2023-11-03','1000-01-01',0),(45,9,49,12,'2023-11-03','1000-01-01',0),(46,10,1,1,'2023-11-03','2024-06-30',0),(47,10,27,5,'2023-11-03','2024-09-08',0),(48,10,40,2,'2023-11-03','1000-01-01',0),(49,10,36,6,'2023-11-03','2024-01-22',0),(50,10,26,3,'2023-11-03','2024-03-24',0),(51,11,40,1,'2023-11-03','1000-01-01',0),(52,11,43,12,'2023-11-03','1000-01-01',0),(53,11,26,3,'2023-11-03','1000-01-01',0),(54,11,5,12,'2023-11-03','2024-02-22',0),(55,11,45,1,'2023-11-03','1000-01-01',0),(56,12,34,1,'2023-11-03','2024-10-08',0),(57,12,14,8,'2023-11-03','2023-12-02',0),(58,12,8,3,'2023-11-03','2024-06-12',0),(59,12,19,8,'2023-11-03','1000-01-01',0),(60,12,33,13,'2023-11-03','1000-01-01',0),(61,13,32,1,'2023-11-03','2024-10-26',0),(62,13,40,3,'2023-11-03','2024-04-03',0),(63,13,38,4,'2023-11-03','2024-10-03',0),(64,13,24,1,'2023-11-03','1000-01-01',0),(65,13,48,2,'2023-11-03','1000-01-01',0),(66,14,38,1,'2023-11-03','1000-01-01',0),(67,14,26,3,'2023-11-03','2023-12-03',0),(68,14,30,7,'2023-11-03','1000-01-01',0),(69,14,24,11,'2023-11-03','1000-01-01',0),(70,14,47,1,'2023-11-03','1000-01-01',0),(71,15,11,1,'2023-11-03','2024-01-16',0),(72,15,21,4,'2023-11-03','1000-01-01',0),(73,15,22,13,'2023-11-03','2024-05-16',0),(74,15,13,8,'2023-11-03','1000-01-01',0),(75,15,39,3,'2023-11-03','2024-07-06',0),(76,16,16,1,'2023-11-03','1000-01-01',0),(77,16,40,13,'2023-11-03','2023-12-05',1),(78,16,45,11,'2023-11-03','2023-11-19',0),(79,16,37,5,'2023-11-03','1000-01-01',1),(80,16,5,10,'2023-11-03','1000-01-01',0),(81,17,38,1,'2023-11-03','2024-05-28',0),(82,17,20,3,'2023-11-03','1000-01-01',0),(83,17,22,1,'2023-11-03','1000-01-01',0),(84,17,13,11,'2023-11-03','1000-01-01',0),(85,17,30,6,'2023-11-03','1000-01-01',0),(86,18,13,1,'2023-11-03','2024-08-02',0),(87,18,8,13,'2023-11-03','2023-11-21',0),(88,18,9,1,'2023-11-03','1000-01-01',0),(89,18,2,8,'2023-11-03','1000-01-01',0),(90,18,43,13,'2023-11-03','2024-01-25',0),(91,19,33,1,'2023-11-03','2024-02-07',0),(92,19,43,5,'2023-11-03','1000-01-01',0),(93,19,45,5,'2023-11-03','2024-03-02',0),(94,19,8,9,'2023-11-03','1000-01-01',0),(95,19,29,13,'2023-11-03','1000-01-01',0),(96,20,45,1,'2023-11-03','1000-01-01',0),(97,20,41,10,'2023-11-03','1000-01-01',0),(98,20,40,4,'2023-11-03','1000-01-01',0),(99,20,5,8,'2023-11-03','1000-01-01',0),(100,20,38,1,'2023-11-03','1000-01-01',0),(101,21,12,1,'2023-11-03','1000-01-01',0),(102,21,40,5,'2023-11-03','1000-01-01',0),(103,21,21,13,'2023-11-03','1000-01-01',0),(104,21,23,11,'2023-11-03','1000-01-01',0),(105,21,38,3,'2023-11-03','2024-09-09',0),(106,22,26,1,'2023-11-03','2024-02-10',0),(107,22,22,11,'2023-11-03','2024-06-29',0),(108,22,17,10,'2023-11-03','1000-01-01',0),(109,22,20,1,'2023-11-03','2024-03-13',0),(110,22,50,11,'2023-11-03','1000-01-01',0),(111,23,23,1,'2023-11-03','1000-01-01',0),(112,23,17,4,'2023-11-03','2023-11-30',0),(113,23,26,9,'2023-11-03','1000-01-01',0),(114,23,21,11,'2023-11-03','1000-01-01',1),(115,23,35,8,'2023-11-03','1000-01-01',0),(116,24,12,1,'2023-11-03','2023-11-23',0),(117,24,31,2,'2023-11-03','1000-01-01',0),(118,24,48,9,'2023-11-03','2024-10-13',0),(119,24,20,1,'2023-11-03','1000-01-01',0),(120,24,6,11,'2023-11-03','2024-05-20',1),(121,25,34,1,'2023-11-03','2024-08-22',0),(122,25,11,5,'2023-11-03','2024-03-10',0),(123,25,42,9,'2023-11-03','1000-01-01',0),(124,25,28,13,'2023-11-03','1000-01-01',0),(125,25,21,2,'2023-11-03','1000-01-01',0),(126,26,3,1,'2023-11-03','2024-10-08',0),(127,26,36,1,'2023-11-03','2024-02-25',0),(128,26,40,11,'2023-11-03','2024-02-09',0),(129,26,6,12,'2023-11-03','1000-01-01',0),(130,26,47,11,'2023-11-03','1000-01-01',0),(131,27,42,1,'2023-11-03','2023-11-29',0),(132,27,33,9,'2023-11-03','2024-06-19',0),(133,27,12,5,'2023-11-03','1000-01-01',0),(134,27,27,11,'2023-11-03','1000-01-01',0),(135,27,41,1,'2023-11-03','2024-08-24',0),(136,28,2,1,'2023-11-03','2024-07-19',0),(137,28,32,5,'2023-11-03','2024-07-27',0),(138,28,22,13,'2023-11-03','1000-01-01',0),(139,28,26,3,'2023-11-03','1000-01-01',0),(140,28,43,7,'2023-11-03','1000-01-01',0),(141,29,16,1,'2023-11-03','2024-05-28',0),(142,29,42,1,'2023-11-03','2024-02-15',0),(143,29,5,13,'2023-11-03','2024-06-01',0),(144,29,21,8,'2023-11-03','1000-01-01',1),(145,29,10,3,'2023-11-03','1000-01-01',0),(146,30,50,1,'2023-11-03','1000-01-01',0),(147,30,31,11,'2023-11-03','1000-01-01',0),(148,30,36,8,'2023-11-03','1000-01-01',0),(149,30,35,1,'2023-11-03','2024-08-28',0),(150,30,28,3,'2023-11-03','2024-03-10',0),(151,31,6,1,'2023-11-03','1000-01-01',0),(152,31,20,7,'2023-11-03','1000-01-01',0),(153,31,45,3,'2023-11-03','1000-01-01',0),(154,31,38,8,'2023-11-03','1000-01-01',0),(155,31,15,6,'2023-11-03','1000-01-01',0),(156,32,27,1,'2023-11-03','1000-01-01',0),(157,32,12,3,'2023-11-03','1000-01-01',1),(158,32,29,3,'2023-11-03','2024-07-16',0),(159,32,48,3,'2023-11-03','2024-08-29',0),(160,32,24,2,'2023-11-03','2023-12-18',1),(161,33,32,1,'2023-11-03','1000-01-01',0),(162,33,29,11,'2023-11-03','1000-01-01',0),(163,33,46,7,'2023-11-03','1000-01-01',0),(164,33,50,10,'2023-11-03','1000-01-01',0),(165,33,49,1,'2023-11-03','1000-01-01',0),(166,34,30,1,'2023-11-03','1000-01-01',0),(167,34,32,6,'2023-11-03','1000-01-01',0),(168,34,19,7,'2023-11-03','2024-10-02',0),(169,34,5,9,'2023-11-03','1000-01-01',0),(170,34,29,7,'2023-11-03','1000-01-01',0),(171,35,37,1,'2023-11-03','1000-01-01',0),(172,35,29,3,'2023-11-03','1000-01-01',0),(173,35,36,5,'2023-11-03','2024-08-19',1),(174,35,6,6,'2023-11-03','1000-01-01',1),(175,35,7,8,'2023-11-03','2024-07-02',0),(176,36,30,1,'2023-11-03','2024-07-31',0),(177,36,21,5,'2023-11-03','1000-01-01',0),(178,36,2,6,'2023-11-03','2024-03-19',0),(179,36,40,3,'2023-11-03','2024-02-28',0),(180,36,17,6,'2023-11-03','1000-01-01',1),(181,37,5,1,'2023-11-03','1000-01-01',0),(182,37,16,6,'2023-11-03','1000-01-01',0),(183,37,37,8,'2023-11-03','1000-01-01',0),(184,37,33,10,'2023-11-03','2024-01-12',0),(185,37,36,11,'2023-11-03','2024-01-07',0),(186,38,6,1,'2023-11-03','2024-05-09',0),(187,38,35,11,'2023-11-03','1000-01-01',0),(188,38,17,9,'2023-11-03','2024-03-25',0),(189,38,44,9,'2023-11-03','2024-02-25',0),(190,38,1,6,'2023-11-03','1000-01-01',0),(191,39,8,1,'2023-11-03','1000-01-01',0),(192,39,6,5,'2023-11-03','1000-01-01',0),(193,39,19,8,'2023-11-03','2024-09-08',0),(194,39,40,8,'2023-11-03','1000-01-01',0),(195,39,25,13,'2023-11-03','2023-12-29',0),(196,40,47,1,'2023-11-03','1000-01-01',0),(197,40,16,13,'2023-11-03','1000-01-01',0),(198,40,14,2,'2023-11-03','2023-12-25',0),(199,40,19,7,'2023-11-03','1000-01-01',0),(200,40,39,10,'2023-11-03','1000-01-01',0),(201,41,9,1,'2023-11-03','2023-11-24',0),(202,41,19,1,'2023-11-03','2024-06-05',0),(203,41,13,7,'2023-11-03','2024-03-07',0),(204,41,24,2,'2023-11-03','1000-01-01',1),(205,41,14,12,'2023-11-03','2024-09-25',0),(206,42,32,1,'2023-11-03','2024-03-11',0),(207,42,15,4,'2023-11-03','1000-01-01',0),(208,42,28,7,'2023-11-03','1000-01-01',0),(209,42,42,7,'2023-11-03','1000-01-01',0),(210,42,29,7,'2023-11-03','2024-10-02',0),(211,43,38,1,'2023-11-03','1000-01-01',0),(212,43,14,13,'2023-11-03','2024-08-05',0),(213,43,22,1,'2023-11-03','1000-01-01',0),(214,43,39,2,'2023-11-03','2024-06-21',1),(215,43,41,2,'2023-11-03','1000-01-01',0),(216,44,28,1,'2023-11-03','2024-01-07',0),(217,44,9,4,'2023-11-03','1000-01-01',0),(218,44,42,7,'2023-11-03','1000-01-01',0),(219,44,35,9,'2023-11-03','1000-01-01',0),(220,44,16,9,'2023-11-03','1000-01-01',0),(221,45,25,1,'2023-11-03','2024-02-02',0),(222,45,50,11,'2023-11-03','2024-06-09',0),(223,45,30,13,'2023-11-03','2023-11-22',0),(224,45,45,3,'2023-11-03','1000-01-01',0),(225,45,6,13,'2023-11-03','1000-01-01',0),(226,46,13,1,'2023-11-03','1000-01-01',0),(227,46,9,11,'2023-11-03','2024-09-27',0),(228,46,45,13,'2023-11-03','2024-03-17',0),(229,46,20,10,'2023-11-03','2024-03-02',0),(230,46,35,11,'2023-11-03','1000-01-01',0),(231,47,4,1,'2023-11-03','1000-01-01',0),(232,47,12,3,'2023-11-03','2024-03-05',0),(233,47,49,8,'2023-11-03','2024-06-04',0),(234,47,30,9,'2023-11-03','2024-10-15',0),(235,47,5,6,'2023-11-03','1000-01-01',0),(236,48,23,1,'2023-11-03','1000-01-01',0),(237,48,19,3,'2023-11-03','1000-01-01',0),(238,48,29,11,'2023-11-03','1000-01-01',0),(239,48,35,4,'2023-11-03','1000-01-01',0),(240,48,46,12,'2023-11-03','2023-12-17',0),(241,49,22,1,'2023-11-03','1000-01-01',0),(242,49,25,4,'2023-11-03','1000-01-01',0),(243,49,14,11,'2023-11-03','2024-04-19',0),(244,49,21,9,'2023-11-03','1000-01-01',0),(245,49,46,7,'2023-11-03','1000-01-01',0),(246,50,33,1,'2023-11-03','2024-05-19',0),(247,50,4,13,'2023-11-03','1000-01-01',0),(248,50,28,2,'2023-11-03','2024-06-05',0),(249,50,39,7,'2023-11-03','1000-01-01',0),(250,50,32,7,'2023-11-03','2024-01-15',0);
/*!40000 ALTER TABLE `integrantes_proyecto` ENABLE KEYS */;
UNLOCK TABLES;

--
-- Table structure for table `miembros_equipo`
--

DROP TABLE IF EXISTS `miembros_equipo`;
/*!40101 SET @saved_cs_client     = @@character_set_client */;
/*!50503 SET character_set_client = utf8mb4 */;
CREATE TABLE `miembros_equipo` (
  `id` int NOT NULL AUTO_INCREMENT,
  `equipo` int NOT NULL,
  `miembro` int NOT NULL,
  `rol` int NOT NULL,
  `fecha_inicio_participacion` date NOT NULL DEFAULT (curdate()),
  `fecha_baja` date NOT NULL DEFAULT '1000-01-01',
  `suspendido` tinyint(1) NOT NULL DEFAULT '0',
  PRIMARY KEY (`id`),
  UNIQUE KEY `miembro_equipo` (`equipo`,`miembro`),
  KEY `miembro` (`miembro`),
  KEY `rol` (`rol`),
  CONSTRAINT `miembros_equipo_ibfk_1` FOREIGN KEY (`equipo`) REFERENCES `equipo` (`id`) ON DELETE CASCADE,
  CONSTRAINT `miembros_equipo_ibfk_2` FOREIGN KEY (`miembro`) REFERENCES `integrantes_proyecto` (`id`) ON DELETE CASCADE,
  CONSTRAINT `miembros_equipo_ibfk_3` FOREIGN KEY (`rol`) REFERENCES `roles_equipo` (`id`) ON DELETE CASCADE
) ENGINE=InnoDB AUTO_INCREMENT=604 DEFAULT CHARSET=utf8mb4 COLLATE=utf8mb4_0900_ai_ci;
/*!40101 SET character_set_client = @saved_cs_client */;

--
-- Dumping data for table `miembros_equipo`
--

LOCK TABLES `miembros_equipo` WRITE;
/*!40000 ALTER TABLE `miembros_equipo` DISABLE KEYS */;
INSERT INTO `miembros_equipo` VALUES (1,1,5,1,'2023-11-03','2024-02-08',0),(2,1,2,2,'2023-11-03','2024-08-23',0),(3,1,4,2,'2023-11-03','2024-10-28',0),(4,1,1,1,'2023-11-03','1000-01-01',0),(5,2,5,1,'2023-11-03','2024-01-02',0),(6,2,1,1,'2023-11-03','1000-01-01',0),(7,2,3,1,'2023-11-03','1000-01-01',0),(8,2,2,1,'2023-11-03','1000-01-01',0),(9,3,5,1,'2023-11-03','2024-01-05',0),(10,3,3,2,'2023-11-03','2024-08-19',0),(11,3,2,1,'2023-11-03','2024-10-26',0),(12,3,1,1,'2023-11-03','2024-04-21',0),(13,4,4,1,'2023-11-03','2024-07-13',0),(14,4,2,2,'2023-11-03','1000-01-01',0),(15,4,5,1,'2023-11-03','1000-01-01',0),(16,5,9,1,'2023-11-03','2024-07-11',0),(17,5,10,2,'2023-11-03','1000-01-01',0),(18,5,7,2,'2023-11-03','2023-12-10',0),(19,6,8,1,'2023-11-03','1000-01-01',0),(20,6,9,2,'2023-11-03','1000-01-01',0),(21,6,7,2,'2023-11-03','2024-10-23',0),(22,7,8,1,'2023-11-03','2024-06-10',0),(23,7,6,1,'2023-11-03','2024-07-15',0),(24,7,10,2,'2023-11-03','2024-07-28',0),(25,8,10,1,'2023-11-03','2024-09-29',0),(26,8,8,2,'2023-11-03','1000-01-01',0),(27,8,9,1,'2023-11-03','2024-01-08',0),(28,9,14,1,'2023-11-03','1000-01-01',0),(29,9,15,2,'2023-11-03','2024-01-08',0),(30,9,11,2,'2023-11-03','1000-01-01',1),(31,10,12,1,'2023-11-03','1000-01-01',0),(32,10,14,2,'2023-11-03','2024-09-17',0),(33,10,13,1,'2023-11-03','2024-01-17',0),(34,11,13,1,'2023-11-03','1000-01-01',0),(35,11,12,1,'2023-11-03','1000-01-01',0),(36,11,14,2,'2023-11-03','1000-01-01',0),(37,12,14,1,'2023-11-03','2024-02-18',0),(38,12,15,1,'2023-11-03','1000-01-01',0),(39,12,11,1,'2023-11-03','1000-01-01',0),(40,13,18,1,'2023-11-03','1000-01-01',0),(41,13,17,2,'2023-11-03','2024-09-09',0),(42,13,20,1,'2023-11-03','2024-09-26',0),(43,14,17,1,'2023-11-03','2024-02-19',0),(44,14,18,1,'2023-11-03','1000-01-01',0),(45,14,20,2,'2023-11-03','1000-01-01',0),(46,15,18,1,'2023-11-03','2024-07-28',0),(47,15,16,2,'2023-11-03','1000-01-01',0),(48,15,17,2,'2023-11-03','1000-01-01',0),(49,16,20,1,'2023-11-03','1000-01-01',0),(50,16,18,2,'2023-11-03','1000-01-01',0),(51,16,16,2,'2023-11-03','2024-09-20',1),(52,17,24,1,'2023-11-03','1000-01-01',0),(53,17,22,1,'2023-11-03','1000-01-01',0),(54,17,23,1,'2023-11-03','1000-01-01',0),(55,18,23,1,'2023-11-03','2024-03-19',0),(56,18,25,2,'2023-11-03','1000-01-01',1),(57,18,24,2,'2023-11-03','1000-01-01',0),(58,19,23,1,'2023-11-03','2024-03-08',0),(59,19,21,2,'2023-11-03','1000-01-01',0),(60,19,24,2,'2023-11-03','2024-03-24',0),(61,20,25,1,'2023-11-03','2024-06-18',0),(62,20,21,2,'2023-11-03','2024-02-10',0),(63,20,22,2,'2023-11-03','1000-01-01',0),(64,21,30,1,'2023-11-03','2024-01-03',0),(65,21,26,1,'2023-11-03','1000-01-01',0),(66,21,29,2,'2023-11-03','1000-01-01',0),(67,22,28,1,'2023-11-03','2024-10-28',0),(68,22,27,2,'2023-11-03','2024-01-05',0),(69,22,30,1,'2023-11-03','1000-01-01',0),(70,23,30,1,'2023-11-03','2024-03-20',0),(71,23,29,1,'2023-11-03','1000-01-01',0),(72,23,26,2,'2023-11-03','1000-01-01',0),(73,24,29,1,'2023-11-03','1000-01-01',0),(74,24,26,2,'2023-11-03','1000-01-01',0),(75,24,30,1,'2023-11-03','1000-01-01',0),(76,25,35,1,'2023-11-03','2024-02-13',0),(77,25,32,1,'2023-11-03','1000-01-01',0),(78,25,34,2,'2023-11-03','2024-02-25',1),(79,26,34,1,'2023-11-03','1000-01-01',0),(80,26,33,1,'2023-11-03','2024-02-16',0),(81,26,32,2,'2023-11-03','1000-01-01',0),(82,27,33,1,'2023-11-03','2024-10-12',0),(83,27,32,1,'2023-11-03','1000-01-01',0),(84,27,35,2,'2023-11-03','2024-05-21',0),(85,28,31,1,'2023-11-03','1000-01-01',0),(86,28,33,2,'2023-11-03','1000-01-01',0),(87,28,34,1,'2023-11-03','1000-01-01',0),(88,29,38,1,'2023-11-03','1000-01-01',0),(89,29,36,2,'2023-11-03','1000-01-01',0),(90,29,40,2,'2023-11-03','2024-06-12',0),(91,30,40,1,'2023-11-03','1000-01-01',0),(92,30,37,2,'2023-11-03','1000-01-01',0),(93,30,36,2,'2023-11-03','2024-03-02',1),(94,31,37,1,'2023-11-03','1000-01-01',0),(95,31,38,1,'2023-11-03','2023-12-18',0),(96,31,40,1,'2023-11-03','1000-01-01',0),(97,32,40,1,'2023-11-03','1000-01-01',0),(98,32,39,2,'2023-11-03','2024-02-29',0),(99,32,38,1,'2023-11-03','1000-01-01',0),(100,33,41,1,'2023-11-03','2024-08-17',0),(101,33,45,1,'2023-11-03','2024-06-17',0),(102,33,43,1,'2023-11-03','1000-01-01',0),(103,34,43,1,'2023-11-03','2023-11-18',0),(104,34,42,2,'2023-11-03','1000-01-01',0),(105,34,44,1,'2023-11-03','1000-01-01',0),(106,35,42,1,'2023-11-03','1000-01-01',0),(107,35,45,1,'2023-11-03','2024-05-20',0),(108,35,41,2,'2023-11-03','2024-08-29',0),(109,36,44,1,'2023-11-03','1000-01-01',0),(110,36,45,2,'2023-11-03','2024-05-27',0),(111,36,43,2,'2023-11-03','2023-12-08',0),(112,37,49,1,'2023-11-03','1000-01-01',0),(113,37,46,2,'2023-11-03','1000-01-01',0),(114,37,47,2,'2023-11-03','2024-09-23',1),(115,38,47,1,'2023-11-03','2024-08-21',0),(116,38,46,2,'2023-11-03','2024-04-03',0),(117,38,48,1,'2023-11-03','2024-05-05',0),(118,39,47,1,'2023-11-03','1000-01-01',0),(119,39,48,1,'2023-11-03','2023-12-05',0),(120,39,49,1,'2023-11-03','1000-01-01',0),(121,40,47,1,'2023-11-03','1000-01-01',0),(122,40,46,1,'2023-11-03','2024-07-18',0),(123,40,48,2,'2023-11-03','2024-06-26',0),(124,41,52,1,'2023-11-03','2023-11-26',0),(125,41,54,1,'2023-11-03','1000-01-01',0),(126,41,53,1,'2023-11-03','2024-01-24',0),(127,42,54,1,'2023-11-03','1000-01-01',0),(128,42,51,1,'2023-11-03','2024-07-30',0),(129,42,53,2,'2023-11-03','1000-01-01',0),(130,43,55,1,'2023-11-03','1000-01-01',0),(131,43,52,1,'2023-11-03','1000-01-01',0),(132,43,53,1,'2023-11-03','2024-09-14',0),(133,44,53,1,'2023-11-03','2023-11-15',0),(134,44,54,1,'2023-11-03','1000-01-01',0),(135,44,52,2,'2023-11-03','1000-01-01',0),(136,45,59,1,'2023-11-03','2024-06-05',0),(137,45,60,1,'2023-11-03','2024-07-17',0),(138,45,57,2,'2023-11-03','1000-01-01',0),(139,46,58,1,'2023-11-03','1000-01-01',0),(140,46,56,1,'2023-11-03','2024-01-05',0),(141,46,60,2,'2023-11-03','1000-01-01',0),(142,47,58,1,'2023-11-03','1000-01-01',0),(143,47,60,1,'2023-11-03','1000-01-01',0),(144,47,57,1,'2023-11-03','2024-09-28',0),(145,48,60,1,'2023-11-03','1000-01-01',0),(146,48,59,1,'2023-11-03','2024-07-14',0),(147,48,58,2,'2023-11-03','1000-01-01',0),(148,49,62,1,'2023-11-03','2024-07-06',0),(149,49,64,2,'2023-11-03','2024-10-05',0),(150,49,63,2,'2023-11-03','1000-01-01',0),(151,50,65,1,'2023-11-03','2024-04-24',0),(152,50,61,2,'2023-11-03','1000-01-01',0),(153,50,63,1,'2023-11-03','1000-01-01',0),(154,51,64,1,'2023-11-03','2024-05-03',0),(155,51,61,2,'2023-11-03','2024-05-29',0),(156,51,63,2,'2023-11-03','1000-01-01',1),(157,52,62,1,'2023-11-03','2024-03-04',0),(158,52,61,1,'2023-11-03','2023-12-11',0),(159,52,65,1,'2023-11-03','2024-01-22',0),(160,53,68,1,'2023-11-03','2024-10-06',0),(161,53,67,1,'2023-11-03','2024-08-10',0),(162,53,66,2,'2023-11-03','2024-08-22',0),(163,54,68,1,'2023-11-03','1000-01-01',0),(164,54,69,2,'2023-11-03','1000-01-01',0),(165,54,70,1,'2023-11-03','1000-01-01',0),(166,55,70,1,'2023-11-03','1000-01-01',0),(167,55,68,1,'2023-11-03','1000-01-01',0),(168,55,67,1,'2023-11-03','2024-05-08',0),(169,56,66,1,'2023-11-03','2024-10-04',0),(170,56,70,1,'2023-11-03','1000-01-01',0),(171,56,68,2,'2023-11-03','2023-11-07',0),(172,57,74,1,'2023-11-03','1000-01-01',0),(173,57,75,2,'2023-11-03','2024-06-26',1),(174,57,73,1,'2023-11-03','1000-01-01',0),(175,58,72,1,'2023-11-03','2024-02-19',0),(176,58,71,1,'2023-11-03','2024-07-12',0),(177,58,73,2,'2023-11-03','2024-05-15',1),(178,59,73,1,'2023-11-03','2024-03-18',0),(179,59,75,2,'2023-11-03','1000-01-01',1),(180,59,74,1,'2023-11-03','2024-10-05',0),(181,60,73,1,'2023-11-03','2023-12-31',0),(182,60,75,2,'2023-11-03','2024-08-20',0),(183,60,71,2,'2023-11-03','1000-01-01',1),(184,61,76,1,'2023-11-03','1000-01-01',0),(185,61,79,1,'2023-11-03','1000-01-01',0),(186,61,80,2,'2023-11-03','1000-01-01',0),(187,62,80,1,'2023-11-03','1000-01-01',0),(188,62,77,1,'2023-11-03','2024-10-09',0),(189,62,78,1,'2023-11-03','1000-01-01',0),(190,63,76,1,'2023-11-03','1000-01-01',0),(191,63,78,1,'2023-11-03','2024-08-08',0),(192,63,79,1,'2023-11-03','1000-01-01',0),(193,64,78,1,'2023-11-03','1000-01-01',0),(194,64,77,2,'2023-11-03','1000-01-01',0),(195,64,79,2,'2023-11-03','2024-10-13',0),(196,65,84,1,'2023-11-03','1000-01-01',0),(197,65,81,1,'2023-11-03','2024-02-19',0),(198,65,85,1,'2023-11-03','2023-11-05',0),(199,66,83,1,'2023-11-03','2024-03-15',0),(200,66,85,2,'2023-11-03','2023-12-21',1),(201,66,82,1,'2023-11-03','2024-05-02',0),(202,67,82,1,'2023-11-03','1000-01-01',0),(203,67,83,2,'2023-11-03','1000-01-01',0),(204,67,84,2,'2023-11-03','1000-01-01',0),(205,68,85,1,'2023-11-03','1000-01-01',0),(206,68,83,2,'2023-11-03','1000-01-01',0),(207,68,84,2,'2023-11-03','1000-01-01',0),(208,69,90,1,'2023-11-03','2024-04-02',0),(209,69,88,1,'2023-11-03','2023-11-09',0),(210,69,86,1,'2023-11-03','2024-07-22',0),(211,70,90,1,'2023-11-03','1000-01-01',0),(212,70,89,2,'2023-11-03','2024-01-23',0),(213,70,86,1,'2023-11-03','2023-12-02',0),(214,71,87,1,'2023-11-03','2024-04-26',0),(215,71,88,1,'2023-11-03','2024-02-03',0),(216,71,89,2,'2023-11-03','1000-01-01',0),(217,72,87,1,'2023-11-03','2023-12-04',0),(218,72,88,1,'2023-11-03','2024-08-30',0),(219,72,90,1,'2023-11-03','1000-01-01',0),(220,73,93,1,'2023-11-03','1000-01-01',0),(221,73,91,2,'2023-11-03','2024-08-30',0),(222,73,95,2,'2023-11-03','1000-01-01',0),(223,74,94,1,'2023-11-03','1000-01-01',0),(224,74,95,1,'2023-11-03','2024-10-10',0),(225,74,91,1,'2023-11-03','1000-01-01',0),(226,75,91,1,'2023-11-03','1000-01-01',0),(227,75,95,1,'2023-11-03','1000-01-01',0),(228,75,94,1,'2023-11-03','2024-04-13',0),(229,76,93,1,'2023-11-03','1000-01-01',0),(230,76,91,2,'2023-11-03','2024-06-20',0),(231,76,92,1,'2023-11-03','1000-01-01',0),(232,77,99,1,'2023-11-03','1000-01-01',0),(233,77,97,1,'2023-11-03','1000-01-01',0),(234,77,98,1,'2023-11-03','1000-01-01',0),(235,78,96,1,'2023-11-03','2024-06-28',0),(236,78,98,2,'2023-11-03','1000-01-01',0),(237,78,97,2,'2023-11-03','1000-01-01',0),(238,79,97,1,'2023-11-03','2023-12-18',0),(239,79,96,1,'2023-11-03','2024-02-09',0),(240,79,100,2,'2023-11-03','1000-01-01',0),(241,80,99,1,'2023-11-03','2024-07-18',0),(242,80,96,2,'2023-11-03','1000-01-01',0),(243,80,98,1,'2023-11-03','1000-01-01',0),(244,81,103,1,'2023-11-03','1000-01-01',0),(245,81,101,2,'2023-11-03','2024-10-18',0),(246,81,105,1,'2023-11-03','2024-01-31',0),(247,82,104,1,'2023-11-03','1000-01-01',0),(248,82,101,2,'2023-11-03','1000-01-01',0),(249,82,102,1,'2023-11-03','2023-12-10',0),(250,83,102,1,'2023-11-03','1000-01-01',0),(251,83,105,1,'2023-11-03','2024-09-21',0),(252,83,104,1,'2023-11-03','1000-01-01',0),(253,84,102,1,'2023-11-03','2023-12-26',0),(254,84,104,2,'2023-11-03','2024-06-24',0),(255,84,101,1,'2023-11-03','1000-01-01',0),(256,85,110,1,'2023-11-03','1000-01-01',0),(257,85,107,2,'2023-11-03','1000-01-01',0),(258,85,109,1,'2023-11-03','1000-01-01',0),(259,86,109,1,'2023-11-03','2024-04-24',0),(260,86,107,1,'2023-11-03','2024-10-22',0),(261,86,108,2,'2023-11-03','2024-10-19',0),(262,87,107,1,'2023-11-03','2024-06-30',0),(263,87,109,2,'2023-11-03','2024-09-08',0),(264,87,108,2,'2023-11-03','2023-11-18',0),(265,88,110,1,'2023-11-03','1000-01-01',0),(266,88,109,2,'2023-11-03','1000-01-01',0),(267,88,108,2,'2023-11-03','2024-07-01',0),(268,89,112,1,'2023-11-03','2024-02-27',0),(269,89,115,1,'2023-11-03','1000-01-01',0),(270,89,114,1,'2023-11-03','1000-01-01',0),(271,90,114,1,'2023-11-03','2024-07-28',0),(272,90,112,2,'2023-11-03','2024-02-10',0),(273,90,111,1,'2023-11-03','2024-07-29',0),(274,91,111,1,'2023-11-03','1000-01-01',0),(275,91,112,1,'2023-11-03','2024-02-04',0),(276,91,114,1,'2023-11-03','2024-05-01',0),(277,92,113,1,'2023-11-03','2024-05-15',0),(278,92,115,1,'2023-11-03','1000-01-01',0),(279,92,114,2,'2023-11-03','2023-12-07',0),(280,93,116,1,'2023-11-03','2024-09-12',0),(281,93,117,2,'2023-11-03','1000-01-01',0),(282,93,118,1,'2023-11-03','2023-11-28',0),(283,94,118,1,'2023-11-03','1000-01-01',0),(284,94,120,2,'2023-11-03','1000-01-01',0),(285,94,119,1,'2023-11-03','2023-12-18',0),(286,95,119,1,'2023-11-03','1000-01-01',0),(287,95,116,1,'2023-11-03','2024-03-22',0),(288,95,117,1,'2023-11-03','1000-01-01',0),(289,96,119,1,'2023-11-03','2024-09-18',0),(290,96,120,2,'2023-11-03','2024-07-09',0),(291,96,117,1,'2023-11-03','1000-01-01',0),(292,97,123,1,'2023-11-03','1000-01-01',0),(293,97,121,2,'2023-11-03','2023-12-11',0),(294,97,122,2,'2023-11-03','1000-01-01',0),(295,98,122,1,'2023-11-03','2023-12-18',0),(296,98,123,1,'2023-11-03','1000-01-01',0),(297,98,124,2,'2023-11-03','1000-01-01',1),(298,99,124,1,'2023-11-03','1000-01-01',0),(299,99,121,2,'2023-11-03','2024-09-16',0),(300,99,122,2,'2023-11-03','1000-01-01',0),(301,100,125,1,'2023-11-03','2024-05-02',0),(302,100,123,1,'2023-11-03','1000-01-01',0),(303,100,122,2,'2023-11-03','2024-02-05',0),(304,101,127,1,'2023-11-03','1000-01-01',0),(305,101,128,1,'2023-11-03','1000-01-01',0),(306,101,126,2,'2023-11-03','2024-07-11',0),(307,102,126,1,'2023-11-03','1000-01-01',0),(308,102,130,1,'2023-11-03','1000-01-01',0),(309,102,129,1,'2023-11-03','2024-08-30',0),(310,103,129,1,'2023-11-03','1000-01-01',0),(311,103,127,2,'2023-11-03','2024-10-22',0),(312,103,130,2,'2023-11-03','1000-01-01',0),(313,104,126,1,'2023-11-03','1000-01-01',0),(314,104,129,2,'2023-11-03','1000-01-01',1),(315,104,127,1,'2023-11-03','1000-01-01',0),(316,105,134,1,'2023-11-03','2024-02-17',0),(317,105,131,2,'2023-11-03','1000-01-01',0),(318,105,135,2,'2023-11-03','1000-01-01',0),(319,106,134,1,'2023-11-03','2024-05-03',0),(320,106,132,2,'2023-11-03','2024-06-06',0),(321,106,133,1,'2023-11-03','1000-01-01',0),(322,107,131,1,'2023-11-03','1000-01-01',0),(323,107,133,1,'2023-11-03','2024-05-03',0),(324,107,134,1,'2023-11-03','2023-12-03',0),(325,108,133,1,'2023-11-03','1000-01-01',0),(326,108,134,1,'2023-11-03','2024-03-10',0),(327,108,135,2,'2023-11-03','1000-01-01',0),(328,109,140,1,'2023-11-03','1000-01-01',0),(329,109,137,2,'2023-11-03','1000-01-01',0),(330,109,138,2,'2023-11-03','2024-03-20',0),(331,110,136,1,'2023-11-03','1000-01-01',0),(332,110,138,2,'2023-11-03','2024-05-11',0),(333,110,139,1,'2023-11-03','2024-02-21',0),(334,111,140,1,'2023-11-03','2024-09-28',0),(335,111,137,1,'2023-11-03','2024-10-25',0),(336,111,138,2,'2023-11-03','2024-08-06',0),(337,112,138,1,'2023-11-03','2023-11-10',0),(338,112,137,2,'2023-11-03','2024-03-03',0),(339,112,136,1,'2023-11-03','2024-09-07',0),(340,113,141,1,'2023-11-03','2024-04-05',0),(341,113,142,1,'2023-11-03','2024-06-01',0),(342,113,145,2,'2023-11-03','1000-01-01',0),(343,114,145,1,'2023-11-03','1000-01-01',0),(344,114,143,2,'2023-11-03','1000-01-01',1),(345,114,144,2,'2023-11-03','2024-08-27',0),(346,115,144,1,'2023-11-03','1000-01-01',0),(347,115,141,2,'2023-11-03','2024-07-17',0),(348,115,143,2,'2023-11-03','2024-05-18',0),(349,116,143,1,'2023-11-03','1000-01-01',0),(350,116,142,1,'2023-11-03','1000-01-01',0),(351,116,141,1,'2023-11-03','2024-02-21',0),(352,117,148,1,'2023-11-03','2024-10-04',0),(353,117,146,1,'2023-11-03','2024-09-30',0),(354,117,147,2,'2023-11-03','2024-09-09',0),(355,118,146,1,'2023-11-03','1000-01-01',0),(356,118,149,2,'2023-11-03','2023-11-24',0),(357,118,150,2,'2023-11-03','2024-06-04',0),(358,119,150,1,'2023-11-03','1000-01-01',0),(359,119,146,2,'2023-11-03','1000-01-01',1),(360,119,148,1,'2023-11-03','2024-07-07',0),(361,120,150,1,'2023-11-03','1000-01-01',0),(362,120,146,1,'2023-11-03','1000-01-01',0),(363,120,148,1,'2023-11-03','2024-05-23',0),(364,121,155,1,'2023-11-03','1000-01-01',0),(365,121,152,1,'2023-11-03','1000-01-01',0),(366,121,153,1,'2023-11-03','2024-04-12',0),(367,122,153,1,'2023-11-03','1000-01-01',0),(368,122,151,1,'2023-11-03','2024-10-18',0),(369,122,152,2,'2023-11-03','1000-01-01',0),(370,123,153,1,'2023-11-03','2024-01-31',0),(371,123,154,2,'2023-11-03','1000-01-01',0),(372,123,151,1,'2023-11-03','1000-01-01',0),(373,124,153,1,'2023-11-03','2023-11-08',0),(374,124,154,1,'2023-11-03','1000-01-01',0),(375,124,152,2,'2023-11-03','2024-05-20',1),(376,125,158,1,'2023-11-03','1000-01-01',0),(377,125,156,2,'2023-11-03','2024-07-01',1),(378,125,159,1,'2023-11-03','1000-01-01',0),(379,126,157,1,'2023-11-03','2023-11-08',0),(380,126,160,2,'2023-11-03','2024-10-31',0),(381,126,156,2,'2023-11-03','1000-01-01',0),(382,127,157,1,'2023-11-03','2024-05-10',0),(383,127,158,2,'2023-11-03','1000-01-01',0),(384,127,159,2,'2023-11-03','2023-12-22',0),(385,128,157,1,'2023-11-03','2023-11-19',0),(386,128,160,1,'2023-11-03','2024-01-26',0),(387,128,156,1,'2023-11-03','2024-03-31',0),(388,129,161,1,'2023-11-03','1000-01-01',0),(389,129,162,2,'2023-11-03','2024-08-02',0),(390,129,163,1,'2023-11-03','2024-04-04',0),(391,130,165,1,'2023-11-03','1000-01-01',0),(392,130,163,2,'2023-11-03','2024-01-01',0),(393,130,161,2,'2023-11-03','1000-01-01',0),(394,131,165,1,'2023-11-03','2024-01-13',0),(395,131,162,1,'2023-11-03','1000-01-01',0),(396,131,163,2,'2023-11-03','2024-04-20',0),(397,132,164,1,'2023-11-03','2024-07-16',0),(398,132,163,2,'2023-11-03','1000-01-01',0),(399,132,161,1,'2023-11-03','1000-01-01',0),(400,133,170,1,'2023-11-03','2023-12-22',0),(401,133,168,1,'2023-11-03','2023-12-02',0),(402,133,167,1,'2023-11-03','2024-06-14',0),(403,134,166,1,'2023-11-03','1000-01-01',0),(404,134,167,2,'2023-11-03','2024-03-30',0),(405,134,169,1,'2023-11-03','1000-01-01',0),(406,135,167,1,'2023-11-03','2024-05-21',0),(407,135,170,1,'2023-11-03','2024-05-30',0),(408,135,166,1,'2023-11-03','1000-01-01',0),(409,136,166,1,'2023-11-03','2024-04-09',0),(410,136,168,2,'2023-11-03','1000-01-01',0),(411,136,170,1,'2023-11-03','2024-04-21',0),(412,137,172,1,'2023-11-03','2024-01-29',0),(413,137,174,2,'2023-11-03','2023-12-11',0),(414,137,173,1,'2023-11-03','1000-01-01',0),(415,138,172,1,'2023-11-03','1000-01-01',0),(416,138,175,1,'2023-11-03','1000-01-01',0),(417,138,171,1,'2023-11-03','2024-07-11',0),(418,139,175,1,'2023-11-03','2024-01-16',0),(419,139,171,1,'2023-11-03','1000-01-01',0),(420,139,173,2,'2023-11-03','2024-09-17',0),(421,140,173,1,'2023-11-03','1000-01-01',0),(422,140,171,2,'2023-11-03','2024-08-21',0),(423,140,174,2,'2023-11-03','1000-01-01',0),(424,141,180,1,'2023-11-03','2024-05-18',0),(425,141,177,2,'2023-11-03','1000-01-01',0),(426,141,179,2,'2023-11-03','1000-01-01',0),(427,142,176,1,'2023-11-03','1000-01-01',0),(428,142,177,1,'2023-11-03','2024-05-28',0),(429,142,179,1,'2023-11-03','2024-06-08',0),(430,143,179,1,'2023-11-03','1000-01-01',0),(431,143,176,1,'2023-11-03','2023-11-03',0),(432,143,180,1,'2023-11-03','2023-11-11',0),(433,144,177,1,'2023-11-03','2024-07-27',0),(434,144,176,1,'2023-11-03','1000-01-01',0),(435,144,179,1,'2023-11-03','2024-07-31',0),(436,145,182,1,'2023-11-03','2024-09-30',0),(437,145,181,2,'2023-11-03','2024-07-25',0),(438,145,185,1,'2023-11-03','2024-01-30',0),(439,146,185,1,'2023-11-03','1000-01-01',0),(440,146,184,1,'2023-11-03','1000-01-01',0),(441,146,182,1,'2023-11-03','1000-01-01',0),(442,147,181,1,'2023-11-03','2024-01-08',0),(443,147,184,2,'2023-11-03','1000-01-01',0),(444,147,185,2,'2023-11-03','2024-06-19',0),(445,148,184,1,'2023-11-03','2024-01-28',0),(446,148,183,1,'2023-11-03','1000-01-01',0),(447,148,185,1,'2023-11-03','2024-01-21',0),(448,149,187,1,'2023-11-03','1000-01-01',0),(449,149,190,1,'2023-11-03','1000-01-01',0),(450,149,186,1,'2023-11-03','2024-08-27',0),(451,150,190,1,'2023-11-03','1000-01-01',0),(452,150,188,2,'2023-11-03','1000-01-01',1),(453,150,186,2,'2023-11-03','1000-01-01',1),(454,151,186,1,'2023-11-03','1000-01-01',0),(455,151,190,1,'2023-11-03','1000-01-01',0),(456,151,187,2,'2023-11-03','2024-07-30',0),(457,152,189,1,'2023-11-03','1000-01-01',0),(458,152,190,1,'2023-11-03','2023-12-17',0),(459,152,186,1,'2023-11-03','1000-01-01',0),(460,153,195,1,'2023-11-03','1000-01-01',0),(461,153,191,1,'2023-11-03','2024-02-28',0),(462,153,192,1,'2023-11-03','1000-01-01',0),(463,154,194,1,'2023-11-03','1000-01-01',0),(464,154,191,2,'2023-11-03','2024-10-17',0),(465,154,195,2,'2023-11-03','2024-01-08',0),(466,155,192,1,'2023-11-03','1000-01-01',0),(467,155,191,2,'2023-11-03','1000-01-01',0),(468,155,193,2,'2023-11-03','1000-01-01',0),(469,156,192,1,'2023-11-03','2024-03-24',0),(470,156,193,1,'2023-11-03','2024-01-08',0),(471,156,194,2,'2023-11-03','2024-09-20',1),(472,157,198,1,'2023-11-03','2024-06-27',0),(473,157,196,2,'2023-11-03','1000-01-01',1),(474,157,200,2,'2023-11-03','1000-01-01',0),(475,158,198,1,'2023-11-03','1000-01-01',0),(476,158,197,1,'2023-11-03','1000-01-01',0),(477,158,196,1,'2023-11-03','2024-06-11',0),(478,159,197,1,'2023-11-03','1000-01-01',0),(479,159,198,2,'2023-11-03','1000-01-01',0),(480,159,199,1,'2023-11-03','1000-01-01',0),(481,160,198,1,'2023-11-03','1000-01-01',0),(482,160,197,2,'2023-11-03','2024-01-15',0),(483,160,200,2,'2023-11-03','2024-01-27',0),(484,161,205,1,'2023-11-03','2024-10-16',0),(485,161,202,1,'2023-11-03','2024-01-13',0),(486,161,203,2,'2023-11-03','1000-01-01',0),(487,162,205,1,'2023-11-03','2024-03-05',0),(488,162,203,2,'2023-11-03','2024-08-13',0),(489,162,202,1,'2023-11-03','2024-09-03',0),(490,163,202,1,'2023-11-03','1000-01-01',0),(491,163,203,2,'2023-11-03','2024-09-08',0),(492,163,201,1,'2023-11-03','1000-01-01',0),(493,164,201,1,'2023-11-03','2024-04-03',0),(494,164,202,2,'2023-11-03','1000-01-01',0),(495,164,203,2,'2023-11-03','2024-10-06',0),(496,165,210,1,'2023-11-03','2024-06-12',0),(497,165,208,1,'2023-11-03','2024-09-09',0),(498,165,206,1,'2023-11-03','1000-01-01',0),(499,166,207,1,'2023-11-03','1000-01-01',0),(500,166,208,2,'2023-11-03','1000-01-01',0),(501,166,209,2,'2023-11-03','2023-12-14',0),(502,167,206,1,'2023-11-03','2024-07-03',0),(503,167,208,2,'2023-11-03','1000-01-01',0),(504,167,209,2,'2023-11-03','2024-01-24',1),(505,168,207,1,'2023-11-03','2024-01-03',0),(506,168,206,1,'2023-11-03','1000-01-01',0),(507,168,210,2,'2023-11-03','1000-01-01',0),(508,169,212,1,'2023-11-03','2024-09-11',0),(509,169,213,2,'2023-11-03','1000-01-01',0),(510,169,211,2,'2023-11-03','1000-01-01',0),(511,170,213,1,'2023-11-03','2024-01-13',0),(512,170,212,1,'2023-11-03','2023-12-11',0),(513,170,211,2,'2023-11-03','2024-09-27',0),(514,171,212,1,'2023-11-03','2024-09-10',0),(515,171,213,1,'2023-11-03','1000-01-01',0),(516,171,215,2,'2023-11-03','2024-08-12',0),(517,172,213,1,'2023-11-03','1000-01-01',0),(518,172,211,2,'2023-11-03','1000-01-01',0),(519,172,212,2,'2023-11-03','2024-07-26',0),(520,173,220,1,'2023-11-03','1000-01-01',0),(521,173,216,2,'2023-11-03','2024-05-14',1),(522,173,218,2,'2023-11-03','2023-11-13',0),(523,174,217,1,'2023-11-03','1000-01-01',0),(524,174,216,1,'2023-11-03','2024-03-15',0),(525,174,219,2,'2023-11-03','1000-01-01',0),(526,175,218,1,'2023-11-03','2024-01-29',0),(527,175,220,1,'2023-11-03','2024-08-05',0),(528,175,216,1,'2023-11-03','2024-08-24',0),(529,176,219,1,'2023-11-03','2023-11-28',0),(530,176,218,2,'2023-11-03','1000-01-01',0),(531,176,217,1,'2023-11-03','1000-01-01',0),(532,177,225,1,'2023-11-03','2024-06-18',0),(533,177,222,1,'2023-11-03','2024-04-10',0),(534,177,224,1,'2023-11-03','1000-01-01',0),(535,178,225,1,'2023-11-03','1000-01-01',0),(536,178,221,1,'2023-11-03','1000-01-01',0),(537,178,222,1,'2023-11-03','2024-01-13',0),(538,179,224,1,'2023-11-03','1000-01-01',0),(539,179,221,1,'2023-11-03','2024-02-17',0),(540,179,222,1,'2023-11-03','1000-01-01',0),(541,180,225,1,'2023-11-03','2024-04-24',0),(542,180,222,1,'2023-11-03','1000-01-01',0),(543,180,223,2,'2023-11-03','1000-01-01',0),(544,181,227,1,'2023-11-03','2023-11-05',0),(545,181,229,2,'2023-11-03','1000-01-01',0),(546,181,226,2,'2023-11-03','1000-01-01',1),(547,182,226,1,'2023-11-03','2024-05-18',0),(548,182,229,1,'2023-11-03','1000-01-01',0),(549,182,228,1,'2023-11-03','2024-05-12',0),(550,183,228,1,'2023-11-03','2024-09-27',0),(551,183,230,1,'2023-11-03','1000-01-01',0),(552,183,226,1,'2023-11-03','2024-05-13',0),(553,184,229,1,'2023-11-03','1000-01-01',0),(554,184,226,1,'2023-11-03','2024-08-14',0),(555,184,227,2,'2023-11-03','2023-12-23',0),(556,185,234,1,'2023-11-03','2024-02-21',0),(557,185,233,1,'2023-11-03','1000-01-01',0),(558,185,235,1,'2023-11-03','2024-08-23',0),(559,186,233,1,'2023-11-03','2023-11-06',0),(560,186,231,2,'2023-11-03','1000-01-01',0),(561,186,234,1,'2023-11-03','2024-08-21',0),(562,187,233,1,'2023-11-03','1000-01-01',0),(563,187,234,2,'2023-11-03','2024-01-09',0),(564,187,232,1,'2023-11-03','1000-01-01',0),(565,188,232,1,'2023-11-03','1000-01-01',0),(566,188,231,1,'2023-11-03','1000-01-01',0),(567,188,233,1,'2023-11-03','2024-10-17',0),(568,189,237,1,'2023-11-03','1000-01-01',0),(569,189,236,1,'2023-11-03','1000-01-01',0),(570,189,238,2,'2023-11-03','1000-01-01',0),(571,190,236,1,'2023-11-03','2023-12-22',0),(572,190,237,2,'2023-11-03','2024-09-12',0),(573,190,240,1,'2023-11-03','1000-01-01',0),(574,191,239,1,'2023-11-03','1000-01-01',0),(575,191,237,2,'2023-11-03','2024-01-06',0),(576,191,236,2,'2023-11-03','1000-01-01',0),(577,192,240,1,'2023-11-03','1000-01-01',0),(578,192,236,2,'2023-11-03','2024-09-18',0),(579,192,237,1,'2023-11-03','1000-01-01',0),(580,193,241,1,'2023-11-03','1000-01-01',0),(581,193,244,1,'2023-11-03','2024-08-08',0),(582,193,245,1,'2023-11-03','2024-10-11',0),(583,194,243,1,'2023-11-03','1000-01-01',0),(584,194,241,2,'2023-11-03','2024-02-16',0),(585,194,245,2,'2023-11-03','1000-01-01',0),(586,195,245,1,'2023-11-03','2024-02-10',0),(587,195,243,2,'2023-11-03','2023-11-10',0),(588,195,241,1,'2023-11-03','2023-12-07',0),(589,196,241,1,'2023-11-03','2024-09-22',0),(590,196,244,1,'2023-11-03','1000-01-01',0),(591,196,243,1,'2023-11-03','2024-10-31',0),(592,197,247,1,'2023-11-03','2024-01-27',0),(593,197,248,1,'2023-11-03','1000-01-01',0),(594,197,246,1,'2023-11-03','2024-10-08',0),(595,198,250,1,'2023-11-03','1000-01-01',0),(596,198,249,2,'2023-11-03','1000-01-01',0),(597,198,247,1,'2023-11-03','1000-01-01',0),(598,199,247,1,'2023-11-03','1000-01-01',0),(599,199,248,1,'2023-11-03','1000-01-01',0),(600,199,249,1,'2023-11-03','1000-01-01',0),(601,200,247,1,'2023-11-03','2024-04-20',0),(602,200,246,2,'2023-11-03','2024-03-25',0),(603,200,250,1,'2023-11-03','2024-06-06',0);
/*!40000 ALTER TABLE `miembros_equipo` ENABLE KEYS */;
UNLOCK TABLES;

--
-- Table structure for table `prefijo_telefono`
--

DROP TABLE IF EXISTS `prefijo_telefono`;
/*!40101 SET @saved_cs_client     = @@character_set_client */;
/*!50503 SET character_set_client = utf8mb4 */;
CREATE TABLE `prefijo_telefono` (
  `id` int NOT NULL AUTO_INCREMENT,
  `prefijo` varchar(8) NOT NULL,
  `pais` varchar(60) NOT NULL,
  PRIMARY KEY (`id`)
) ENGINE=InnoDB AUTO_INCREMENT=30 DEFAULT CHARSET=utf8mb4 COLLATE=utf8mb4_0900_ai_ci;
/*!40101 SET character_set_client = @saved_cs_client */;

--
-- Dumping data for table `prefijo_telefono`
--

LOCK TABLES `prefijo_telefono` WRITE;
/*!40000 ALTER TABLE `prefijo_telefono` DISABLE KEYS */;
INSERT INTO `prefijo_telefono` VALUES (1,'+93','Afghanistan'),(2,'+355','Albania'),(3,'+213','Algeria'),(4,'+1 (684)','American Samoa'),(5,'+376','Andorra'),(6,'+244','Angola'),(7,'+1 (264)','Anguilla'),(8,'+1 (268)','Antigua and Barbuda'),(9,'+54','Argentina'),(10,'+374','Armenia'),(11,'+297','Aruba'),(12,'+247','Ascension'),(13,'+61','Australia'),(14,'+672','Australian Capital Territory'),(15,'+43','Austria'),(16,'+994','Azerbaijan'),(17,'+1 (242)','The Bahamas'),(18,'+973','Bahrain'),(19,'+880','Bangladesh'),(20,'+1 (246)','Barbados'),(21,'+55','Brazil'),(22,'+1 (284)','British Virgin Islands'),(23,'+888','Telecommunications for Disaster Relief (TDR)'),(24,'+66','Thailand'),(25,'+1 (868)','Trinidad and Tobago'),(26,'+216','Tunisia'),(27,'+44','United Kingdom'),(28,'+598','Uruguay'),(29,'+58','Venezuela');
/*!40000 ALTER TABLE `prefijo_telefono` ENABLE KEYS */;
UNLOCK TABLES;

--
-- Table structure for table `proyecto`
--

DROP TABLE IF EXISTS `proyecto`;
/*!40101 SET @saved_cs_client     = @@character_set_client */;
/*!50503 SET character_set_client = utf8mb4 */;
CREATE TABLE `proyecto` (
  `id` int NOT NULL AUTO_INCREMENT,
  `nombre` varchar(60) NOT NULL DEFAULT 'not_named',
  `descripcion` tinytext,
  `es_publico` tinyint(1) NOT NULL DEFAULT '0',
  `activo` tinyint(1) NOT NULL DEFAULT '1',
  `presupuesto` bigint NOT NULL DEFAULT '-1',
  `fecha_inicio` date NOT NULL DEFAULT (curdate()),
  `fecha_finalizacion` date NOT NULL DEFAULT '1000-01-01',
  PRIMARY KEY (`id`)
) ENGINE=InnoDB AUTO_INCREMENT=51 DEFAULT CHARSET=utf8mb4 COLLATE=utf8mb4_0900_ai_ci;
/*!40101 SET character_set_client = @saved_cs_client */;

--
-- Dumping data for table `proyecto`
--

LOCK TABLES `proyecto` WRITE;
/*!40000 ALTER TABLE `proyecto` DISABLE KEYS */;
INSERT INTO `proyecto` VALUES (1,'Rodriguez, Sosa and Ledesma','Placeat nostrum ratione mollitia doloremque rerum cum incidunt.',0,1,2964891,'2022-09-21','2025-03-06'),(2,'Márquez, Gabaldón and Alcántara','Author city look morning. Whom team approach across.',1,1,9769856,'2023-01-31','2024-12-04'),(3,'Mendez-Martinez','Draw more explain can total.',0,1,4830644,'2023-05-04','2024-11-08'),(4,'Castro-Bustos','Velit odit exercitationem adipisci amet. Vero et pariatur iure blanditiis facilis dicta aspernatur. Sit modi dolor repellat.',1,0,7333391,'2023-07-04','2024-12-29'),(5,'Alvarez, Pereyra and Mansilla','Quia quae voluptatem non. Voluptatibus velit perferendis architecto quo.',1,1,2528772,'2023-08-08','2025-07-24'),(6,'Saldaña-Sobrino','Incidunt ex reprehenderit eveniet architecto tempore.',1,0,8533882,'2023-07-31','2025-08-27'),(7,'Anderson-Barber','Aperiam deserunt at blanditiis enim recusandae atque quaerat. Natus ipsum ratione quasi soluta.',1,0,9019831,'2021-12-06','2025-06-11'),(8,'Hunter, Anderson and Chapman','Happy while ok order. Control one feel.',0,1,6812945,'2022-07-07','2025-03-27'),(9,'Lopez, Gonzalez and Gomez','Maxime asperiores laboriosam minus temporibus praesentium. Iste voluptates facere aperiam. Esse eum eaque iste quas.',0,0,5606568,'2021-11-09','2024-11-29'),(10,'Herrera Group','Cum facere maxime provident debitis assumenda. Quam earum dicta dolore dolore culpa repellat. Unde blanditiis a saepe error asperiores suscipit.',0,1,5045698,'2022-05-15','2025-10-06'),(11,'Cook, Hughes and Carpenter','Delectus esse odio accusamus commodi soluta nisi. Laborum accusantium explicabo temporibus a. Officia quisquam provident doloremque dicta quam deleniti.',1,1,6271864,'2021-11-20','2025-01-14'),(12,'Harris-Mckay','Quo dolor pariatur harum.',0,1,1304801,'2023-05-18','2025-04-12'),(13,'Ortiz-Lam','Iure odio accusantium repellendus eaque. Cum officiis quo accusamus ipsa. Eos corrupti iusto fugit eum voluptatum.',1,1,6142391,'2022-06-24','2025-01-29'),(14,'Graham-Brown','Illum sit vero tenetur. Harum voluptatum magnam aliquid nihil.',0,1,4163357,'2021-11-02','2024-11-07'),(15,'Campos-Barrios','Notice rate tax true shoulder clear beyond. Arm owner perform set.',1,0,5662938,'2023-11-02','2025-08-28'),(16,'Bellido-Aragón','Earum eum tenetur quia. Iure ullam quis unde omnis dolorem saepe vitae. Odit voluptates mollitia veniam dolorum sit. In adipisci error sit ab.',0,1,1138812,'2022-10-08','2025-03-02'),(17,'Malone, Newton and Johnston','Size art suffer their pressure sign think. Reason company work.',1,0,6953172,'2022-03-23','2025-02-02'),(18,'Aguirre-Hernandez','Culpa fugiat voluptatibus nemo. Debitis fugit sunt. Consectetur cum totam veritatis et similique odio. Magnam repellendus magni animi iusto adipisci.',1,1,652428,'2023-04-21','2025-04-09'),(19,'Perez, Nuñez and Garcia','Animi culpa sit doloremque. Amet alias est et nam totam.',1,1,4465589,'2022-12-13','2025-08-23'),(20,'Wright and Sons','Ab ipsam id. Iusto dignissimos adipisci nostrum temporibus repudiandae quos.',1,1,9826309,'2022-05-16','2025-06-04'),(21,'Ferrera-Lobo','Ab autem odit. Provident ipsum esse nobis sequi.',0,1,6724015,'2021-12-01','2025-08-22'),(22,'Austin PLC','Similique itaque temporibus exercitationem cumque. Illum minima quaerat earum facere veniam. Magni necessitatibus sit nobis reiciendis saepe.',1,1,2552381,'2022-09-24','2025-08-07'),(23,'Williams-Williams','Sapiente error iste voluptatibus expedita. Accusamus doloremque accusantium expedita nobis.',1,1,5467082,'2022-07-14','2025-05-16'),(24,'Cardozo Group','Left with budget positive international. Raise will let where window main sense. Back stage mention success together act.',1,1,3911594,'2022-07-10','2024-12-20'),(25,'Malo Ltd','Southern it population budget history. Reality open pressure million kind before picture.',1,1,8848513,'2022-11-15','2025-05-26'),(26,'Arias, Ponce and Godoy','Business establish forget social off under well. Man present customer possible many million accept.',0,1,480893,'2023-06-20','2025-04-03'),(27,'Silva, Ojeda and Godoy','Full too time difficult relationship. Carry rest listen science control.',0,1,7351352,'2023-06-10','2025-05-17'),(28,'Romero, Ramirez and Caceres','Tempore harum mollitia repudiandae corporis vel deserunt officia. Laborum quam neque incidunt in.',1,1,6647460,'2021-11-07','2025-08-23'),(29,'Rodriguez Group','Unde commodi fugit. Culpa fuga iste aliquid nobis.',1,0,4346519,'2022-12-05','2025-10-27'),(30,'Iñiguez, Ariño and Arias','Dicta deserunt voluptas voluptatem. Vitae ex at ipsam fugit repellendus repellat. Corrupti doloremque voluptatibus at magnam veniam.',1,0,6048392,'2021-11-09','2025-05-26'),(31,'Tamarit LLC','Arm white book sound. Man short race card realize everybody. Anyone many past respond.',1,1,8719423,'2023-11-01','2025-03-18'),(32,'Saldaña, Bonilla and Baena','Iure illum nobis. Eum velit eligendi nam rerum.',1,1,8855670,'2023-01-27','2025-02-25'),(33,'Sanz-Conesa','Voluptates hic explicabo architecto sit maxime tempora minima. Consectetur pariatur quas totam dolorem similique debitis.',1,1,9695171,'2022-09-10','2025-01-31'),(34,'Foster LLC','Minima sunt voluptas assumenda laudantium. Aut corrupti sapiente.',1,1,3687585,'2023-03-29','2025-07-30'),(35,'Gonzales and Sons','Fill price difficult dog. Wait direction successful several weight democratic.',1,1,6964135,'2023-01-31','2025-07-15'),(36,'Berenguer-Gibert','Neque a ipsa tempora harum. Optio quos ullam itaque cum. Necessitatibus deleniti occaecati corrupti saepe.',0,1,1001330,'2022-05-19','2024-12-07'),(37,'Téllez-Figuerola','Because mother red interview discussion. Although television part. Manager save budget still. Recently much child too hospital lose.',0,1,4228376,'2022-11-10','2024-12-13'),(38,'Gibert, Alberto and Cuenca','At cum praesentium consequatur mollitia. Dolorem vel molestias rem quos.',1,0,2264931,'2022-03-31','2025-02-19'),(39,'Morrison Inc','Both personal hear fly. Subject particularly like wife our.',0,1,5151724,'2023-09-21','2025-09-20'),(40,'Salvador PLC','Perspiciatis at fugit laudantium quos. Numquam placeat quia quaerat possimus delectus minus.',1,1,5587336,'2022-07-07','2025-08-22'),(41,'Adán Group','Important we manage strong. Billion box happy road score season. Risk so design also.',1,1,6503996,'2022-09-03','2025-10-22'),(42,'Hamilton, Jones and Myers','Quas aspernatur saepe rerum repudiandae minus. Incidunt hic inventore assumenda aliquid libero tempore.',1,1,6052540,'2023-01-14','2024-12-02'),(43,'Feijoo Ltd','Reveal result explain war land plan.',1,1,6662671,'2023-06-26','2025-02-23'),(44,'Carrizo, Gonzalez and Blanco','Saepe quis eaque quisquam modi facilis. Possimus sunt quo enim.',1,1,1360846,'2023-04-11','2025-08-15'),(45,'Diaz-Villalba','Quisquam aspernatur explicabo enim. Aperiam vitae ad fuga nesciunt autem. Labore exercitationem debitis suscipit voluptatum.',1,1,7993848,'2023-02-05','2025-08-17'),(46,'Cano-Cepeda','Spring value music as agent less my. Study help pressure upon whose. Nor city food growth by generation. Race exactly interest specific break east.',1,1,3117669,'2022-02-03','2025-04-16'),(47,'Adams, Lucero and Kennedy','Molestiae ex sunt veniam. Veniam quam placeat repellendus voluptatum nulla. Fugit tempora inventore.',1,1,8144795,'2023-04-05','2025-03-28'),(48,'Infante, Mas and Rosa','Ratione ipsa praesentium temporibus quidem. Sapiente quia accusamus porro eos beatae similique.',1,1,8594796,'2022-11-11','2025-02-07'),(49,'Luna-Cruz','Natus ea nulla. Quibusdam magnam quod maxime itaque. Excepturi libero delectus beatae similique maxime architecto.',1,1,4942131,'2022-02-06','2025-05-27'),(50,'Vega-Fernandez','Gun chance official measure place mouth across. Allow join protect. Be surface plan box trouble.',1,1,8375644,'2022-09-15','2025-09-07');
/*!40000 ALTER TABLE `proyecto` ENABLE KEYS */;
UNLOCK TABLES;

--
-- Table structure for table `roles_equipo`
--

DROP TABLE IF EXISTS `roles_equipo`;
/*!40101 SET @saved_cs_client     = @@character_set_client */;
/*!50503 SET character_set_client = utf8mb4 */;
CREATE TABLE `roles_equipo` (
  `id` int NOT NULL AUTO_INCREMENT,
  `nombre` varchar(60) NOT NULL,
  PRIMARY KEY (`id`),
  UNIQUE KEY `nombre` (`nombre`)
) ENGINE=InnoDB AUTO_INCREMENT=3 DEFAULT CHARSET=utf8mb4 COLLATE=utf8mb4_0900_ai_ci;
/*!40101 SET character_set_client = @saved_cs_client */;

--
-- Dumping data for table `roles_equipo`
--

LOCK TABLES `roles_equipo` WRITE;
/*!40000 ALTER TABLE `roles_equipo` DISABLE KEYS */;
INSERT INTO `roles_equipo` VALUES (1,'lider'),(2,'miembro');
/*!40000 ALTER TABLE `roles_equipo` ENABLE KEYS */;
UNLOCK TABLES;

--
-- Table structure for table `roles_proyecto`
--

DROP TABLE IF EXISTS `roles_proyecto`;
/*!40101 SET @saved_cs_client     = @@character_set_client */;
/*!50503 SET character_set_client = utf8mb4 */;
CREATE TABLE `roles_proyecto` (
  `id` int NOT NULL AUTO_INCREMENT,
  `nombre` varchar(60) NOT NULL,
  PRIMARY KEY (`id`),
  UNIQUE KEY `nombre` (`nombre`)
) ENGINE=InnoDB AUTO_INCREMENT=14 DEFAULT CHARSET=utf8mb4 COLLATE=utf8mb4_0900_ai_ci;
/*!40101 SET character_set_client = @saved_cs_client */;

--
-- Dumping data for table `roles_proyecto`
--

LOCK TABLES `roles_proyecto` WRITE;
/*!40000 ALTER TABLE `roles_proyecto` DISABLE KEYS */;
INSERT INTO `roles_proyecto` VALUES (3,'Colaborador'),(5,'Comunicador'),(13,'Consultor de Proyecto'),(9,'Coordinador'),(6,'Especialista Técnico'),(11,'Experto en Entrenamiento'),(4,'Facilitador'),(1,'Gerente de Proyecto'),(8,'Investigador'),(10,'Miembro Activo'),(2,'Observador'),(7,'Planificador'),(12,'Product Owner');
/*!40000 ALTER TABLE `roles_proyecto` ENABLE KEYS */;
UNLOCK TABLES;

--
-- Table structure for table `ticket_tarea`
--

DROP TABLE IF EXISTS `ticket_tarea`;
/*!40101 SET @saved_cs_client     = @@character_set_client */;
/*!50503 SET character_set_client = utf8mb4 */;
CREATE TABLE `ticket_tarea` (
  `id` int NOT NULL AUTO_INCREMENT,
  `proyecto` int NOT NULL,
  `equipo` int NOT NULL,
  `nombre` varchar(60) NOT NULL DEFAULT 'not_named',
  `estado` int NOT NULL,
  `descripcion` tinytext,
  `fecha_creacion` date NOT NULL DEFAULT (curdate()),
  `fecha_asignacion` date NOT NULL DEFAULT '1000-01-01',
  `fecha_limite` date NOT NULL DEFAULT '1000-01-01',
  `fecha_finalizacion` date NOT NULL DEFAULT '1000-01-01',
  PRIMARY KEY (`id`),
  KEY `proyecto` (`proyecto`),
  KEY `equipo` (`equipo`),
  KEY `estado` (`estado`),
  CONSTRAINT `ticket_tarea_ibfk_1` FOREIGN KEY (`proyecto`) REFERENCES `proyecto` (`id`) ON DELETE CASCADE,
  CONSTRAINT `ticket_tarea_ibfk_2` FOREIGN KEY (`equipo`) REFERENCES `equipo` (`id`) ON DELETE CASCADE,
  CONSTRAINT `ticket_tarea_ibfk_3` FOREIGN KEY (`estado`) REFERENCES `estado` (`id`) ON DELETE CASCADE
) ENGINE=InnoDB AUTO_INCREMENT=151 DEFAULT CHARSET=utf8mb4 COLLATE=utf8mb4_0900_ai_ci;
/*!40101 SET character_set_client = @saved_cs_client */;

--
-- Dumping data for table `ticket_tarea`
--

LOCK TABLES `ticket_tarea` WRITE;
/*!40000 ALTER TABLE `ticket_tarea` DISABLE KEYS */;
INSERT INTO `ticket_tarea` VALUES (1,1,2,'generate user-centric e-tailers',6,'Similique non non unde hic.','2023-11-02','2023-11-02','2024-08-16','2024-11-03'),(2,1,3,'aggregate out-of-the-box supply-chains',9,'Libero deserunt quisquam ipsam repudiandae modi ullam.','2023-11-02','2023-11-02','2024-10-14','2024-12-26'),(3,1,1,'envisioneer world-class synergies',3,'About nature develop peace lead.','2023-11-02','2023-11-02','2023-11-12','2025-09-15'),(4,2,5,'streamline user-centric markets',12,'Sit minima iste quo blanditiis non.','2023-11-02','2023-11-02','2023-11-05','2024-05-21'),(5,2,8,'deliver e-business mindshare',9,'Blanditiis facilis quisquam temporibus.','2023-11-02','2023-11-02','2025-02-20','2025-09-16'),(6,2,7,'grow leading-edge networks',7,'Delectus ad facilis deleniti possimus natus itaque.','2023-11-02','2023-11-02','2024-09-14','2025-07-18'),(7,3,11,'engage open-source systems',5,'Voluptas consequatur dolorem nihil esse adipisci.','2023-11-02','2023-11-02','2024-07-02','2024-09-02'),(8,3,10,'morph vertical deliverables',12,'Molestias sequi blanditiis quam voluptates.','2023-11-02','2023-11-02','2024-11-15','2025-09-06'),(9,3,10,'whiteboard visionary web-readiness',8,'Cupiditate fugit ducimus dicta magnam.','2023-11-02','2023-11-02','2024-02-04','2024-11-24'),(10,4,13,'revolutionize back-end technologies',6,'Culpa nostrum occaecati voluptatibus odio aliquid quas at.','2023-11-02','2023-11-02','2024-09-21','2025-06-28'),(11,4,16,'extend front-end web services',3,'Porro atque ut facere tempora iste dolorum.','2023-11-02','2023-11-02','2025-01-24','2025-09-12'),(12,4,15,'generate viral schemas',6,'Amet cum iste error inventore voluptate ex eveniet.','2023-11-02','2023-11-02','2023-11-04','2023-12-15'),(13,5,17,'harness back-end supply-chains',9,'Commercial summer two cell each perhaps.','2023-11-02','2023-11-02','2024-07-19','2024-12-20'),(14,5,19,'mesh extensible e-markets',10,'Dolores temporibus aut.','2023-11-02','2023-11-02','2024-11-28','2025-03-15'),(15,5,19,'incubate holistic paradigms',12,'Report with old cost describe office kid.','2023-11-02','2023-11-02','2024-06-10','2024-12-16'),(16,6,21,'generate interactive interfaces',11,'Mrs team fact pass door mouth.','2023-11-02','2023-11-02','2025-07-09','2025-08-22'),(17,6,21,'e-enable frictionless mindshare',4,'Totam eius corrupti temporibus ducimus.','2023-11-02','2023-11-02','2025-04-17','2025-05-21'),(18,6,24,'transform customized eyeballs',6,'Enim exercitationem doloremque quia est repudiandae.','2023-11-02','2023-11-02','2025-03-01','2025-10-29'),(19,7,25,'optimize back-end networks',11,'Southern all sport explain sure agency fact.','2023-11-02','2023-11-02','2025-09-13','2025-10-15'),(20,7,28,'deliver sticky interfaces',3,'Ea eveniet nostrum atque dolorum commodi.','2023-11-02','2023-11-02','2024-07-17','2024-08-15'),(21,7,27,'whiteboard bleeding-edge models',4,'Neque adipisci debitis consequatur.','2023-11-02','2023-11-02','2024-03-30','2025-01-09'),(22,8,30,'transition innovative solutions',4,'Rock program whether security.','2023-11-02','2023-11-02','2025-05-16','2025-06-12'),(23,8,30,'evolve integrated channels',3,'Explicabo qui sit mollitia similique non fugit.','2023-11-02','2023-11-02','2025-05-07','2025-09-15'),(24,8,31,'aggregate impactful deliverables',9,'Quidem unde harum molestiae neque.','2023-11-02','2023-11-02','2025-05-10','2025-07-19'),(25,9,36,'expedite user-centric convergence',2,'Eveniet temporibus nihil quia fuga aut.','2023-11-02','2023-11-02','2025-10-17','2025-10-22'),(26,9,34,'mesh transparent markets',11,'Ipsa laborum distinctio ad delectus blanditiis.','2023-11-02','2023-11-02','2024-02-27','2024-03-15'),(27,9,35,'optimize strategic supply-chains',6,'Excepturi minima ipsa ipsam quis deserunt aliquam sit.','2023-11-02','2023-11-02','2025-10-30','2025-11-01'),(28,10,40,'integrate enterprise e-commerce',3,'Study everyone room player door.','2023-11-02','2023-11-02','2024-04-27','2024-08-31'),(29,10,40,'maximize bricks-and-clicks convergence',7,'Amet minima amet velit necessitatibus voluptates alias.','2023-11-02','2023-11-02','2025-02-21','2025-07-20'),(30,10,39,'engineer enterprise channels',5,'Animi placeat eaque.','2023-11-02','2023-11-02','2025-04-05','2025-09-21'),(31,11,42,'aggregate dynamic synergies',5,'Generation miss door rule kid.','2023-11-02','2023-11-02','2024-09-16','2025-07-21'),(32,11,44,'expedite compelling e-services',12,'Attack provide seat throw artist race.','2023-11-02','2023-11-02','2025-02-06','2025-09-18'),(33,11,44,'maximize magnetic content',8,'Term involve director point by cover tonight.','2023-11-02','2023-11-02','2024-12-04','2025-01-24'),(34,12,47,'syndicate wireless bandwidth',8,'As best clear what.','2023-11-02','2023-11-02','2025-04-19','2025-04-24'),(35,12,47,'seize distributed schemas',9,'Numquam voluptates porro itaque amet reiciendis temporibus.','2023-11-02','2023-11-02','2024-02-15','2024-03-25'),(36,12,45,'drive robust bandwidth',3,'Ad harum iusto ea beatae ex enim.','2023-11-02','2023-11-02','2024-09-09','2025-01-04'),(37,13,51,'unleash proactive applications',10,'Aliquid harum provident magni nesciunt blanditiis.','2023-11-02','2023-11-02','2025-08-31','2025-09-26'),(38,13,50,'drive distributed e-markets',10,'Fuga rerum iste officia quaerat illum.','2023-11-02','2023-11-02','2024-10-27','2024-11-09'),(39,13,52,'iterate global metrics',1,'Meeting pull likely.','2023-11-02','2023-11-02','2024-04-02','2025-03-19'),(40,14,54,'facilitate dynamic action-items',6,'Est culpa quae laudantium dolore nostrum sit.','2023-11-02','2023-11-02','2024-09-01','2025-08-01'),(41,14,53,'enable visionary paradigms',6,'Beatae eius cum ea quod.','2023-11-02','2023-11-02','2024-05-17','2024-12-25'),(42,14,56,'e-enable dynamic architectures',4,'Nisi itaque beatae neque ab at.','2023-11-02','2023-11-02','2024-01-06','2025-09-18'),(43,15,60,'orchestrate clicks-and-mortar e-commerce',10,'Doloribus eum quae perspiciatis molestias quos.','2023-11-02','2023-11-02','2024-03-19','2024-12-04'),(44,15,58,'redefine turn-key action-items',5,'Girl argue ten role by common.','2023-11-02','2023-11-02','2025-02-08','2025-09-29'),(45,15,60,'whiteboard integrated interfaces',9,'Eveniet laudantium magnam neque error laborum ad.','2023-11-02','2023-11-02','2025-09-17','2025-10-06'),(46,16,64,'implement back-end solutions',11,'Itself soldier him likely.','2023-11-02','2023-11-02','2025-05-14','2025-10-12'),(47,16,64,'incubate front-end functionalities',4,'Optio placeat dolor debitis.','2023-11-02','2023-11-02','2025-05-15','2025-10-08'),(48,16,61,'innovate e-business info-mediaries',7,'Dolor doloremque ratione repellendus rerum aliquam quo.','2023-11-02','2023-11-02','2024-07-18','2025-08-31'),(49,17,68,'mesh out-of-the-box partnerships',2,'Resource sense my tonight.','2023-11-02','2023-11-02','2024-03-06','2024-03-11'),(50,17,66,'engineer world-class models',4,'Ratione culpa iusto eveniet quidem.','2023-11-02','2023-11-02','2025-01-06','2025-07-24'),(51,17,66,'reinvent visionary e-commerce',2,'Excepturi dolorem sint error harum fugit.','2023-11-02','2023-11-02','2025-04-19','2025-09-22'),(52,18,72,'revolutionize proactive solutions',9,'Animi nam quasi nesciunt.','2023-11-02','2023-11-02','2024-08-26','2025-05-04'),(53,18,70,'exploit seamless technologies',7,'Adipisci nesciunt doloremque recusandae.','2023-11-02','2023-11-02','2024-08-04','2024-08-21'),(54,18,72,'revolutionize sticky systems',12,'Assumenda quaerat quam eum numquam nulla.','2023-11-02','2023-11-02','2025-09-11','2025-09-13'),(55,19,75,'engineer front-end solutions',8,'Less happen keep.','2023-11-02','2023-11-02','2025-07-09','2025-07-29'),(56,19,76,'syndicate magnetic content',9,'Unde amet a quod.','2023-11-02','2023-11-02','2024-08-27','2025-08-20'),(57,19,76,'iterate killer channels',7,'Repellendus impedit modi alias illo.','2023-11-02','2023-11-02','2024-03-16','2024-10-28'),(58,20,77,'incubate turn-key deliverables',9,'Point left at of fish them.','2023-11-02','2023-11-02','2025-04-22','2025-05-23'),(59,20,77,'visualize best-of-breed eyeballs',1,'Odio recusandae nesciunt odio non dolorum explicabo.','2023-11-02','2023-11-02','2025-03-15','2025-04-25'),(60,20,80,'engineer user-centric interfaces',11,'Nesciunt recusandae itaque nam dolores.','2023-11-02','2023-11-02','2025-05-30','2025-06-22'),(61,21,83,'re-intermediate 24/7 interfaces',1,'Ipsa atque iste temporibus quod sint sit.','2023-11-02','2023-11-02','2025-08-11','2025-10-21'),(62,21,84,'deliver bricks-and-clicks ROI',3,'Occaecati molestias molestiae consequuntur nulla illo expedita.','2023-11-02','2023-11-02','2023-11-24','2025-02-18'),(63,21,84,'leverage plug-and-play supply-chains',9,'Dolores earum sequi aliquam nobis nesciunt placeat.','2023-11-02','2023-11-02','2024-11-22','2025-01-07'),(64,22,86,'incubate plug-and-play technologies',11,'In quam ipsa at.','2023-11-02','2023-11-02','2024-05-27','2024-11-28'),(65,22,88,'optimize value-added supply-chains',12,'Reprehenderit odio eaque ea veniam consequatur.','2023-11-02','2023-11-02','2024-10-30','2025-05-13'),(66,22,86,'incentivize web-enabled portals',6,'Sint voluptates id.','2023-11-02','2023-11-02','2024-05-16','2024-12-20'),(67,23,92,'engineer granular systems',6,'At distinctio vitae nemo culpa.','2023-11-02','2023-11-02','2024-02-06','2024-10-11'),(68,23,91,'synthesize B2B deliverables',10,'Party decision thought support recent company alone.','2023-11-02','2023-11-02','2025-01-02','2025-09-05'),(69,23,90,'scale real-time vortals',2,'Amount evidence model.','2023-11-02','2023-11-02','2025-04-26','2025-06-30'),(70,24,96,'grow collaborative channels',9,'Cover itself brother teach.','2023-11-02','2023-11-02','2025-07-15','2025-07-29'),(71,24,95,'syndicate rich info-mediaries',11,'Ad debitis totam excepturi.','2023-11-02','2023-11-02','2025-10-05','2025-10-18'),(72,24,93,'re-intermediate ubiquitous content',12,'Expedita quaerat culpa qui.','2023-11-02','2023-11-02','2024-06-01','2025-09-23'),(73,25,97,'synergize innovative supply-chains',10,'Earum officiis veritatis expedita distinctio ipsum eos.','2023-11-02','2023-11-02','2025-06-23','2025-09-24'),(74,25,99,'synergize one-to-one convergence',6,'Asperiores repellat eveniet earum optio.','2023-11-02','2023-11-02','2024-11-11','2025-02-12'),(75,25,98,'generate best-of-breed metrics',4,'Optio aliquam eum ut eaque.','2023-11-02','2023-11-02','2025-07-12','2025-08-12'),(76,26,103,'productize plug-and-play paradigms',9,'Unde nulla fugit quos.','2023-11-02','2023-11-02','2025-01-29','2025-04-04'),(77,26,104,'innovate cutting-edge info-mediaries',7,'Ut distinctio facilis tempora nam fugit unde natus.','2023-11-02','2023-11-02','2023-12-14','2024-02-28'),(78,26,101,'target seamless markets',10,'Discuss weight Mrs.','2023-11-02','2023-11-02','2024-04-22','2025-02-07'),(79,27,108,'visualize sticky mindshare',3,'Before land spend wrong age arm.','2023-11-02','2023-11-02','2024-09-04','2025-08-09'),(80,27,108,'generate user-centric functionalities',12,'Ipsum eius incidunt consectetur.','2023-11-02','2023-11-02','2025-02-18','2025-09-07'),(81,27,105,'aggregate wireless bandwidth',4,'Professor individual sister good turn year.','2023-11-02','2023-11-02','2025-06-07','2025-08-22'),(82,28,111,'e-enable interactive action-items',9,'Still onto there arm.','2023-11-02','2023-11-02','2025-02-27','2025-07-15'),(83,28,109,'deliver end-to-end vortals',2,'Their south book wind miss fall reveal current.','2023-11-02','2023-11-02','2024-06-02','2025-04-22'),(84,28,109,'integrate web-enabled web-readiness',3,'Molestias repellendus quo provident cupiditate.','2023-11-02','2023-11-02','2024-12-31','2025-01-28'),(85,29,115,'envisioneer leading-edge experiences',8,'Porro magnam possimus harum optio voluptatum.','2023-11-02','2023-11-02','2024-05-20','2024-10-30'),(86,29,113,'revolutionize transparent experiences',8,'Possimus quas exercitationem.','2023-11-02','2023-11-02','2024-08-17','2025-07-15'),(87,29,114,'productize back-end markets',8,'Mean level hundred anyone.','2023-11-02','2023-11-02','2024-09-30','2025-09-19'),(88,30,120,'benchmark proactive functionalities',8,'Minima blanditiis aspernatur voluptate dicta voluptatem saepe.','2023-11-02','2023-11-02','2024-08-05','2024-10-08'),(89,30,120,'streamline seamless eyeballs',3,'Culpa velit voluptates nam.','2023-11-02','2023-11-02','2024-11-30','2024-12-13'),(90,30,119,'engineer open-source eyeballs',11,'North upon military now center important from.','2023-11-02','2023-11-02','2024-04-03','2025-04-16'),(91,31,123,'whiteboard integrated channels',8,'Deleniti expedita blanditiis eligendi.','2023-11-02','2023-11-02','2024-01-26','2025-02-20'),(92,31,124,'whiteboard collaborative models',6,'Through system place outside situation federal.','2023-11-02','2023-11-02','2025-09-04','2025-10-10'),(93,31,121,'engineer cutting-edge partnerships',7,'Ready oil although catch different particularly sell.','2023-11-02','2023-11-02','2024-05-10','2025-09-18'),(94,32,128,'scale viral applications',1,'Cumque ab ex ullam ipsa.','2023-11-02','2023-11-02','2024-09-15','2024-10-02'),(95,32,126,'benchmark 24/7 markets',4,'Thought speech trouble design medical already theory.','2023-11-02','2023-11-02','2025-04-22','2025-06-01'),(96,32,128,'whiteboard real-time e-tailers',9,'Image court the single.','2023-11-02','2023-11-02','2025-01-20','2025-01-23'),(97,33,130,'enhance interactive initiatives',8,'Debitis fugit sint nam.','2023-11-02','2023-11-02','2025-09-13','2025-09-22'),(98,33,131,'strategize impactful convergence',12,'Beatae temporibus molestias accusamus itaque totam ex.','2023-11-02','2023-11-02','2025-01-17','2025-02-08'),(99,33,129,'envisioneer clicks-and-mortar metrics',12,'Eum animi laboriosam perspiciatis natus quod.','2023-11-02','2023-11-02','2025-01-06','2025-02-02'),(100,34,134,'leverage extensible mindshare',8,'Aut voluptas doloremque at quidem consectetur soluta.','2023-11-02','2023-11-02','2024-05-31','2024-06-07'),(101,34,134,'transition strategic convergence',2,'Figure station loss individual hotel interesting.','2023-11-02','2023-11-02','2023-12-22','2024-05-25'),(102,34,134,'mesh scalable channels',2,'Quickly word easy rich.','2023-11-02','2023-11-02','2024-05-11','2025-04-07'),(103,35,139,'extend B2B experiences',3,'Nature early around environment head age.','2023-11-02','2023-11-02','2024-11-22','2024-12-15'),(104,35,139,'empower e-business e-commerce',2,'Dolores autem dolorum voluptas.','2023-11-02','2023-11-02','2025-05-10','2025-07-17'),(105,35,140,'maximize distributed users',5,'Consequatur optio quos sequi.','2023-11-02','2023-11-02','2025-03-28','2025-07-01'),(106,36,142,'facilitate world-class models',10,'Numquam voluptatum facilis dignissimos tempora quod.','2023-11-02','2023-11-02','2024-04-02','2024-08-03'),(107,36,143,'cultivate viral e-tailers',5,'Ipsam aliquam doloribus optio.','2023-11-02','2023-11-02','2024-06-05','2025-10-19'),(108,36,143,'drive real-time metrics',7,'Enim aperiam fugit ex dolores consequuntur.','2023-11-02','2023-11-02','2024-01-14','2024-10-22'),(109,37,147,'syndicate robust e-services',10,'Street year speech south deep seat thousand.','2023-11-02','2023-11-02','2025-09-25','2025-10-10'),(110,37,148,'visualize best-of-breed paradigms',2,'Esse temporibus blanditiis hic.','2023-11-02','2023-11-02','2025-06-25','2025-07-05'),(111,37,148,'maximize vertical solutions',7,'Praesentium quae corporis deserunt iure.','2023-11-02','2023-11-02','2025-08-26','2025-10-23'),(112,38,151,'engage strategic e-services',4,'Strategy pull cause worker.','2023-11-02','2023-11-02','2023-12-28','2024-11-12'),(113,38,151,'expedite B2C models',3,'Saepe aliquid in voluptate porro.','2023-11-02','2023-11-02','2025-01-06','2025-08-30'),(114,38,151,'engineer cutting-edge web services',6,'Result might rate speech describe history.','2023-11-02','2023-11-02','2025-06-25','2025-09-12'),(115,39,154,'synthesize extensible e-services',4,'Accusamus quo explicabo dolore quas quidem necessitatibus.','2023-11-02','2023-11-02','2025-04-08','2025-08-20'),(116,39,154,'productize back-end web-readiness',9,'Nulla dicta aut odit non aspernatur suscipit aliquid.','2023-11-02','2023-11-02','2025-10-28','2025-10-28'),(117,39,156,'redefine revolutionary schemas',12,'Laudantium adipisci asperiores inventore blanditiis quidem consequatur earum.','2023-11-02','2023-11-02','2024-01-14','2025-01-30'),(118,40,160,'benchmark strategic communities',6,'Now one water risk sister.','2023-11-02','2023-11-02','2025-07-15','2025-09-06'),(119,40,160,'mesh customized action-items',5,'Decision with number far.','2023-11-02','2023-11-02','2025-09-09','2025-10-01'),(120,40,158,'generate cross-platform e-commerce',11,'Summer help but who.','2023-11-02','2023-11-02','2025-03-02','2025-10-29'),(121,41,163,'strategize 24/365 methodologies',6,'Quo facilis impedit numquam iusto vel.','2023-11-02','2023-11-02','2024-12-15','2025-08-01'),(122,41,162,'synergize intuitive deliverables',5,'Praesentium asperiores consequatur quam.','2023-11-02','2023-11-02','2025-01-04','2025-02-13'),(123,41,161,'orchestrate interactive e-services',8,'Quis ut accusamus aspernatur inventore vel provident quibusdam.','2023-11-02','2023-11-02','2025-07-27','2025-10-21'),(124,42,168,'brand plug-and-play methodologies',4,'Eius est mollitia recusandae et.','2023-11-02','2023-11-02','2025-05-01','2025-06-30'),(125,42,166,'redefine clicks-and-mortar models',7,'Hand movie walk other.','2023-11-02','2023-11-02','2024-02-18','2025-10-14'),(126,42,165,'orchestrate frictionless initiatives',12,'Optio accusantium cumque fugit sequi suscipit.','2023-11-02','2023-11-02','2024-05-26','2025-04-12'),(127,43,170,'redefine best-of-breed e-markets',5,'Doloremque vero harum optio veniam assumenda fuga.','2023-11-02','2023-11-02','2023-12-01','2024-10-12'),(128,43,172,'productize sticky applications',2,'Provident consectetur quaerat cupiditate.','2023-11-02','2023-11-02','2025-06-22','2025-07-29'),(129,43,169,'target magnetic schemas',1,'Soluta dolore minus aliquam.','2023-11-02','2023-11-02','2024-08-25','2024-08-25'),(130,44,174,'syndicate global solutions',11,'Bit treatment center bring campaign involve fall often.','2023-11-02','2023-11-02','2024-12-30','2025-10-03'),(131,44,173,'enable sticky interfaces',10,'Quam nulla iste neque aliquid.','2023-11-02','2023-11-02','2024-12-05','2025-01-21'),(132,44,173,'redefine magnetic paradigms',1,'Tonight campaign keep college.','2023-11-02','2023-11-02','2024-04-03','2025-03-29'),(133,45,177,'implement wireless functionalities',3,'Material western mean base.','2023-11-02','2023-11-02','2024-07-08','2024-09-08'),(134,45,179,'aggregate cross-platform vortals',8,'Term concern step agreement company table Republican cold.','2023-11-02','2023-11-02','2025-04-13','2025-10-11'),(135,45,177,'extend out-of-the-box functionalities',12,'Fugiat ea illo incidunt.','2023-11-02','2023-11-02','2024-02-02','2024-11-12'),(136,46,182,'morph out-of-the-box systems',1,'Woman get respond political back find.','2023-11-02','2023-11-02','2024-07-10','2025-01-23'),(137,46,183,'visualize user-centric info-mediaries',8,'Dolores repellendus fuga possimus.','2023-11-02','2023-11-02','2023-11-16','2025-08-14'),(138,46,182,'e-enable virtual solutions',3,'Placeat enim omnis iste voluptatum fuga aut deleniti.','2023-11-02','2023-11-02','2025-08-05','2025-08-31'),(139,47,186,'revolutionize user-centric paradigms',4,'Distinctio omnis minima eos sed perspiciatis.','2023-11-02','2023-11-02','2025-01-09','2025-05-31'),(140,47,186,'scale innovative e-commerce',12,'Investment should us support company.','2023-11-02','2023-11-02','2024-12-04','2025-08-31'),(141,47,188,'maximize extensible e-tailers',3,'Libero delectus nemo.','2023-11-02','2023-11-02','2025-02-02','2025-02-13'),(142,48,189,'syndicate rich technologies',11,'Quisquam quos officia autem alias libero quos.','2023-11-02','2023-11-02','2025-09-09','2025-09-24'),(143,48,189,'harness world-class applications',5,'Member economy various off from which.','2023-11-02','2023-11-02','2024-11-26','2025-01-30'),(144,48,192,'empower B2B methodologies',12,'Up traditional reduce together.','2023-11-02','2023-11-02','2024-10-18','2025-05-14'),(145,49,194,'brand cross-platform applications',5,'Ut porro quibusdam corporis pariatur nesciunt.','2023-11-02','2023-11-02','2024-10-12','2025-09-14'),(146,49,196,'innovate clicks-and-mortar web-readiness',9,'Magni nulla vitae qui qui quibusdam.','2023-11-02','2023-11-02','2024-05-22','2024-11-23'),(147,49,196,'drive extensible e-tailers',3,'Odit odit mollitia temporibus.','2023-11-02','2023-11-02','2023-12-26','2024-12-26'),(148,50,199,'grow mission-critical mindshare',7,'Cupiditate amet aliquid minima reiciendis odio possimus.','2023-11-02','2023-11-02','2024-08-27','2025-09-10'),(149,50,198,'transform 24/7 channels',3,'Quaerat asperiores excepturi doloribus accusamus.','2023-11-02','2023-11-02','2025-01-15','2025-02-11'),(150,50,200,'generate mission-critical platforms',2,'Require letter short party face.','2023-11-02','2023-11-02','2025-09-22','2025-10-05');
/*!40000 ALTER TABLE `ticket_tarea` ENABLE KEYS */;
UNLOCK TABLES;

--
-- Table structure for table `usuario`
--

DROP TABLE IF EXISTS `usuario`;
/*!40101 SET @saved_cs_client     = @@character_set_client */;
/*!50503 SET character_set_client = utf8mb4 */;
CREATE TABLE `usuario` (
  `id` int NOT NULL AUTO_INCREMENT,
  `username` varchar(20) NOT NULL,
  `nombre` varchar(60) NOT NULL DEFAULT 'no_name',
  `apellido` varchar(60) NOT NULL DEFAULT 'no_surname',
  `email` varchar(320) NOT NULL,
  `telefono_prefijo` int NOT NULL,
  `telefono_numero` varchar(30) NOT NULL,
  `contrasena` varchar(72) NOT NULL,
  `llave_sesion` varchar(80) NOT NULL DEFAULT 'not_logged',
  PRIMARY KEY (`id`),
  UNIQUE KEY `username` (`username`),
  UNIQUE KEY `email` (`email`),
  KEY `telefono_prefijo` (`telefono_prefijo`),
  CONSTRAINT `usuario_ibfk_1` FOREIGN KEY (`telefono_prefijo`) REFERENCES `prefijo_telefono` (`id`) ON DELETE CASCADE
) ENGINE=InnoDB AUTO_INCREMENT=51 DEFAULT CHARSET=utf8mb4 COLLATE=utf8mb4_0900_ai_ci;
/*!40101 SET character_set_client = @saved_cs_client */;

--
-- Dumping data for table `usuario`
--

LOCK TABLES `usuario` WRITE;
/*!40000 ALTER TABLE `usuario` DISABLE KEYS */;
INSERT INTO `usuario` VALUES (1,'tmendoza','Edgardo','Gonzalez','thiagobravo@example.org',19,'8306685419776','$2b$12$/iLwVY2QXW8m5aw8euAnneaxsYSYsAMbAO1USSk93lQoNrJ/27Hpy','not_logged'),(2,'christopher96','Mónica','Gonzalez','barredaramon@example.net',18,'4881162929026','$2b$12$/iLwVY2QXW8m5aw8euAnneaxsYSYsAMbAO1USSk93lQoNrJ/27Hpy','not_logged'),(3,'jenningswalter','Juana','Daniel','charlesjohnson@example.com',4,'5029237064696','$2b$12$/iLwVY2QXW8m5aw8euAnneaxsYSYsAMbAO1USSk93lQoNrJ/27Hpy','not_logged'),(4,'butlerrachel','Agustín','Aguero','jameschoi@example.org',26,'5468635409079','$2b$12$/iLwVY2QXW8m5aw8euAnneaxsYSYsAMbAO1USSk93lQoNrJ/27Hpy','not_logged'),(5,'crystalross','Nina','Ferreyra','gporta@example.org',25,'1653255975221','$2b$12$/iLwVY2QXW8m5aw8euAnneaxsYSYsAMbAO1USSk93lQoNrJ/27Hpy','not_logged'),(6,'dbrown','Amber','Gutierrez','rosariofernandez@example.com',27,'0108605668545','$2b$12$/iLwVY2QXW8m5aw8euAnneaxsYSYsAMbAO1USSk93lQoNrJ/27Hpy','not_logged'),(7,'victoria68','Timothy','Muñoz','aureliagallego@example.net',10,'8852666310564','$2b$12$/iLwVY2QXW8m5aw8euAnneaxsYSYsAMbAO1USSk93lQoNrJ/27Hpy','not_logged'),(8,'gomezshannon','Martirio','Garmendia','buchananamy@example.com',14,'2305525073308','$2b$12$/iLwVY2QXW8m5aw8euAnneaxsYSYsAMbAO1USSk93lQoNrJ/27Hpy','not_logged'),(9,'andrewlong','Kevin','Garcia','eduardo95@example.com',19,'1922742182075','$2b$12$/iLwVY2QXW8m5aw8euAnneaxsYSYsAMbAO1USSk93lQoNrJ/27Hpy','not_logged'),(10,'sheila41','Marc','Ramirez','qsoria@example.com',12,'7269490465385','$2b$12$/iLwVY2QXW8m5aw8euAnneaxsYSYsAMbAO1USSk93lQoNrJ/27Hpy','not_logged'),(11,'anthonylopez','Cole','Caceres','jeffreyoconnor@example.org',28,'0107166941461','$2b$12$/iLwVY2QXW8m5aw8euAnneaxsYSYsAMbAO1USSk93lQoNrJ/27Hpy','not_logged'),(12,'omarsh','Bianca','Ojeda','patricktorres@example.net',8,'8325329621039','$2b$12$/iLwVY2QXW8m5aw8euAnneaxsYSYsAMbAO1USSk93lQoNrJ/27Hpy','not_logged'),(13,'uwilson','Seve','Brown','benjamin28@example.com',16,'0799788150703','$2b$12$/iLwVY2QXW8m5aw8euAnneaxsYSYsAMbAO1USSk93lQoNrJ/27Hpy','not_logged'),(14,'wrivera','Luciana','Pedrosa','ohierro@example.net',7,'2304003785317','$2b$12$/iLwVY2QXW8m5aw8euAnneaxsYSYsAMbAO1USSk93lQoNrJ/27Hpy','not_logged'),(15,'hinesmatthew','Noah','Johnson','andrea51@example.org',12,'4644781734521','$2b$12$/iLwVY2QXW8m5aw8euAnneaxsYSYsAMbAO1USSk93lQoNrJ/27Hpy','not_logged'),(16,'tpham','Santino','Ray','fduarte@example.org',8,'2871811234262','$2b$12$/iLwVY2QXW8m5aw8euAnneaxsYSYsAMbAO1USSk93lQoNrJ/27Hpy','not_logged'),(17,'vtanner','Estrella','Coronado','mia-valentinacabrera@example.org',19,'5550967415335','$2b$12$/iLwVY2QXW8m5aw8euAnneaxsYSYsAMbAO1USSk93lQoNrJ/27Hpy','not_logged'),(18,'vickieyoder','Angélica','Hill','zjohnson@example.com',15,'6993517321266','$2b$12$/iLwVY2QXW8m5aw8euAnneaxsYSYsAMbAO1USSk93lQoNrJ/27Hpy','not_logged'),(19,'ymurray','Enrique','Carter','riverabrandon@example.org',3,'6281441411947','$2b$12$/iLwVY2QXW8m5aw8euAnneaxsYSYsAMbAO1USSk93lQoNrJ/27Hpy','not_logged'),(20,'ravenmcgee','Robert','Gonzalez','qgonzalez@example.org',13,'1435579807822','$2b$12$/iLwVY2QXW8m5aw8euAnneaxsYSYsAMbAO1USSk93lQoNrJ/27Hpy','not_logged'),(21,'cdouglas','Juliana','Cámara','qrivero@example.net',26,'9412317661595','$2b$12$/iLwVY2QXW8m5aw8euAnneaxsYSYsAMbAO1USSk93lQoNrJ/27Hpy','not_logged'),(22,'gregoryanderson','Néstor','Cruz','victor27@example.org',27,'8324240416553','$2b$12$/iLwVY2QXW8m5aw8euAnneaxsYSYsAMbAO1USSk93lQoNrJ/27Hpy','not_logged'),(23,'angiebaker','Victoriano','Zaragoza','martinezcandelario@example.org',10,'0642456712042','$2b$12$/iLwVY2QXW8m5aw8euAnneaxsYSYsAMbAO1USSk93lQoNrJ/27Hpy','not_logged'),(24,'rayjustin','Tony','Morris','isabella28@example.org',8,'6936864191617','$2b$12$/iLwVY2QXW8m5aw8euAnneaxsYSYsAMbAO1USSk93lQoNrJ/27Hpy','not_logged'),(25,'tiffany42','Debra','Gomez','tammycampbell@example.com',11,'9483610034927','$2b$12$/iLwVY2QXW8m5aw8euAnneaxsYSYsAMbAO1USSk93lQoNrJ/27Hpy','not_logged'),(26,'mlewis','Guillermina','Clarke','adelardovillaverde@example.org',9,'6765363837790','$2b$12$/iLwVY2QXW8m5aw8euAnneaxsYSYsAMbAO1USSk93lQoNrJ/27Hpy','not_logged'),(27,'jessicacastillo','Martina','Manso','joaquinaferrera@example.net',12,'1815942371296','$2b$12$/iLwVY2QXW8m5aw8euAnneaxsYSYsAMbAO1USSk93lQoNrJ/27Hpy','not_logged'),(28,'bmartin','Elvira','Carreño','luanamedina@example.net',10,'4769537084617','$2b$12$/iLwVY2QXW8m5aw8euAnneaxsYSYsAMbAO1USSk93lQoNrJ/27Hpy','not_logged'),(29,'monica55','Genaro','Mendoza','olmedoamaya@example.net',15,'1460967889212','$2b$12$/iLwVY2QXW8m5aw8euAnneaxsYSYsAMbAO1USSk93lQoNrJ/27Hpy','not_logged'),(30,'fwhite','Gael','Fleming','perla61@example.net',3,'3445677997601','$2b$12$/iLwVY2QXW8m5aw8euAnneaxsYSYsAMbAO1USSk93lQoNrJ/27Hpy','not_logged'),(31,'julierichardson','Courtney','Garcia','matthew45@example.net',17,'5194311174134','$2b$12$/iLwVY2QXW8m5aw8euAnneaxsYSYsAMbAO1USSk93lQoNrJ/27Hpy','not_logged'),(32,'henry94','Goyo','Ramirez','ferreyramartina@example.com',19,'0267937819479','$2b$12$/iLwVY2QXW8m5aw8euAnneaxsYSYsAMbAO1USSk93lQoNrJ/27Hpy','not_logged'),(33,'vincentguerrero','Julian','Garcia','courtneyfernandez@example.net',15,'6876801704421','$2b$12$/iLwVY2QXW8m5aw8euAnneaxsYSYsAMbAO1USSk93lQoNrJ/27Hpy','not_logged'),(34,'heather37','Luis Ángel','Ballester','tudelaroldan@example.org',10,'6437292895543','$2b$12$/iLwVY2QXW8m5aw8euAnneaxsYSYsAMbAO1USSk93lQoNrJ/27Hpy','not_logged'),(35,'wgilbert','Hernando','Harris','jodibass@example.org',20,'7106739487345','$2b$12$/iLwVY2QXW8m5aw8euAnneaxsYSYsAMbAO1USSk93lQoNrJ/27Hpy','not_logged'),(36,'smiller','Diane','Cabezas','acedojose@example.net',23,'9387684021759','$2b$12$/iLwVY2QXW8m5aw8euAnneaxsYSYsAMbAO1USSk93lQoNrJ/27Hpy','not_logged'),(37,'jennifer47','Marco','Cuadrado','cfuertes@example.org',29,'6398663873058','$2b$12$/iLwVY2QXW8m5aw8euAnneaxsYSYsAMbAO1USSk93lQoNrJ/27Hpy','not_logged'),(38,'mariajohns','Susana','Jerez','sotoaurea@example.net',5,'9055954129238','$2b$12$/iLwVY2QXW8m5aw8euAnneaxsYSYsAMbAO1USSk93lQoNrJ/27Hpy','not_logged'),(39,'kellygarcia','Zoe','Velázquez','palomaescribano@example.org',3,'3475993292798','$2b$12$/iLwVY2QXW8m5aw8euAnneaxsYSYsAMbAO1USSk93lQoNrJ/27Hpy','not_logged'),(40,'meganwhite','Emma','Acosta','perezjuan-ignacio@example.com',26,'2760778390132','$2b$12$/iLwVY2QXW8m5aw8euAnneaxsYSYsAMbAO1USSk93lQoNrJ/27Hpy','not_logged'),(41,'andrea38','Adalberto','Pereyra','herrerajuliana@example.com',28,'2726803932625','$2b$12$/iLwVY2QXW8m5aw8euAnneaxsYSYsAMbAO1USSk93lQoNrJ/27Hpy','not_logged'),(42,'meghanhenry','Dylan','Wright','luz07@example.org',17,'1030630819782','$2b$12$/iLwVY2QXW8m5aw8euAnneaxsYSYsAMbAO1USSk93lQoNrJ/27Hpy','not_logged'),(43,'knightchristina','José Mari','Cardozo','lnguyen@example.net',17,'1679135590404','$2b$12$/iLwVY2QXW8m5aw8euAnneaxsYSYsAMbAO1USSk93lQoNrJ/27Hpy','not_logged'),(44,'hermanjessica','Graciela','Lopez','sjackson@example.com',28,'3608725176514','$2b$12$/iLwVY2QXW8m5aw8euAnneaxsYSYsAMbAO1USSk93lQoNrJ/27Hpy','not_logged'),(45,'jenniferharris','Francesca','Howard','hhernandez@example.org',26,'3092853077691','$2b$12$/iLwVY2QXW8m5aw8euAnneaxsYSYsAMbAO1USSk93lQoNrJ/27Hpy','not_logged'),(46,'corey57','Salvador','Ballesteros','brianna42@example.net',18,'4376449569009','$2b$12$/iLwVY2QXW8m5aw8euAnneaxsYSYsAMbAO1USSk93lQoNrJ/27Hpy','not_logged'),(47,'michael23','Esmeralda','Cazorla','anna49@example.com',21,'8125344221488','$2b$12$/iLwVY2QXW8m5aw8euAnneaxsYSYsAMbAO1USSk93lQoNrJ/27Hpy','not_logged'),(48,'hardinmonica','Paloma','Bravo','gwilson@example.org',13,'1475458073953','$2b$12$/iLwVY2QXW8m5aw8euAnneaxsYSYsAMbAO1USSk93lQoNrJ/27Hpy','not_logged'),(49,'webbcynthia','Stephen','Hill','avilafrancisco@example.org',25,'3676722459794','$2b$12$/iLwVY2QXW8m5aw8euAnneaxsYSYsAMbAO1USSk93lQoNrJ/27Hpy','not_logged'),(50,'brownjamie','Felipe','Wells','perezbianca@example.org',17,'8002265817694','$2b$12$/iLwVY2QXW8m5aw8euAnneaxsYSYsAMbAO1USSk93lQoNrJ/27Hpy','not_logged');
/*!40000 ALTER TABLE `usuario` ENABLE KEYS */;
UNLOCK TABLES;
/*!40103 SET TIME_ZONE=@OLD_TIME_ZONE */;

/*!40101 SET SQL_MODE=@OLD_SQL_MODE */;
/*!40014 SET FOREIGN_KEY_CHECKS=@OLD_FOREIGN_KEY_CHECKS */;
/*!40014 SET UNIQUE_CHECKS=@OLD_UNIQUE_CHECKS */;
/*!40101 SET CHARACTER_SET_CLIENT=@OLD_CHARACTER_SET_CLIENT */;
/*!40101 SET CHARACTER_SET_RESULTS=@OLD_CHARACTER_SET_RESULTS */;
/*!40101 SET COLLATION_CONNECTION=@OLD_COLLATION_CONNECTION */;
/*!40111 SET SQL_NOTES=@OLD_SQL_NOTES */;

-- Dump completed on 2023-11-03 18:09:20
